indicator,planted_m,statistic,reject,mcse,mean_stat_planted,mean_stat_null,bound_2mcse,bound_bonf,exceeds_2mcse,exceeds_bonf
eff_loss_dist,0,gini_pool,0.0436666666666666,0.0037309466577482,0.7946107324221937,0.7945776859073999,0.0574618933154964,0.06095107264819251,False,False
eff_loss_dist,0,gini_diff_out_minus_in,0.046,0.0038246568473524,0.0170727991033971,0.0172838526891582,0.0576493136947048,0.06122613074694615,False,False
eff_loss_dist,0,pool_share (OCG),0.0433333333333333,0.0037173267973798,0.6387559300240107,0.6430626371397219,0.057434653594759605,0.060911095641273144,False,False
eff_loss_dist,0,pool_mean_rank,0.041,0.0036202670251423,0.5090912874583796,0.5096839067702553,0.057240534050284606,0.060626205849353305,False,False
eff_loss_dist,0,top5_leakage,0.0,1.8257418583505536e-08,3.191,3.21165,0.05000003651483717,0.05000005358916533,False,False
eff_loss_dist,0,top11_leakage,0.0343333333333333,0.0033243824266348,7.016666666666667,7.06845,0.056648764853269605,0.05975772553296826,False,False
betw_dist,0,gini_pool,0.0433333333333333,0.0037173267973798,0.7569794049935769,0.7579196026710179,0.057434653594759605,0.060911095641273144,False,False
betw_dist,0,gini_diff_out_minus_in,0.0436666666666666,0.0037309466577482,0.0138304969731749,0.0169926958152552,0.0574618933154964,0.06095107264819251,False,False
betw_dist,0,pool_share (OCG),0.0593333333333333,0.0043132697917353,0.6412405827152617,0.6426011803174099,0.058626539583470604,0.06266030720178023,True,False
betw_dist,0,pool_mean_rank,0.0533333333333333,0.0041023931588317,0.5101354051054384,0.5096656770255273,0.058204786317663404,0.062041342220885184,False,False
betw_dist,0,top5_leakage,0.0,1.8257418583505536e-08,3.205,3.2082,0.05000003651483717,0.05000005358916533,False,False
betw_dist,0,top11_leakage,0.039,0.0035345438178073,7.050666666666666,7.06725,0.0570690876356146,0.06037459113671406,False,False
betw_unw,0,gini_pool,0.054,0.0041264997273718,0.7559029796115392,0.7552634129872323,0.058252999454743604,0.06211209980806029,False,False
betw_unw,0,gini_diff_out_minus_in,0.052,0.0040536403392506,0.0213575679348273,0.0188508642255324,0.058107280678501204,0.06189824297074499,False,False
betw_unw,0,pool_share (OCG),0.044,0.003744507088167,0.640904866413682,0.6421238499950589,0.057489014176334,0.06099087521635537,False,False
betw_unw,0,pool_mean_rank,0.0466666666666666,0.0038509258146099,0.5089954679985201,0.5096091564927858,0.0577018516292198,0.06130323540568804,False,False
betw_unw,0,top5_leakage,0.0,1.8257418583505536e-08,3.214,3.2082,0.05000003651483717,0.05000005358916533,False,False
betw_unw,0,top11_leakage,0.0373333333333333,0.0034611922587241,7.036333333333333,7.06945,0.0569223845174482,0.06015928967945251,False,False
eig_unw,0,gini_pool,0.0453333333333333,0.003798167199331,0.4792192122806706,0.4798460119749393,0.057596334398662005,0.06114837834614327,False,False
eig_unw,0,gini_diff_out_minus_in,0.0476666666666666,0.0038899252587316,0.0108357619485947,0.0118180278545361,0.057779850517463205,0.06141770655336015,False,False
eig_unw,0,pool_share (OCG),0.0503333333333333,0.0039916533286717,0.6401053034773966,0.6415761928488901,0.0579833066573434,0.06171629873021717,False,False
eig_unw,0,pool_mean_rank,0.0486666666666666,0.0039284527158591,0.5090417129115797,0.5094561736958935,0.0578569054317182,0.06153079232505758,False,False
eig_unw,0,top5_leakage,0.0,1.8257418583505536e-08,3.2026666666666666,3.21025,0.05000003651483717,0.05000005358916533,False,False
eig_unw,0,top11_leakage,0.0373333333333333,0.0034611922587241,7.018666666666666,7.05575,0.0569223845174482,0.06015928967945251,False,False
service_km,0,gini_pool,0.0453333333333333,0.003798167199331,0.6133737362406602,0.6129491110463561,0.057596334398662005,0.06114837834614327,False,False
service_km,0,gini_diff_out_minus_in,0.0516666666666666,0.004041337329079,0.0249850881811893,0.023680550071368,0.058082674658158,0.06186213118182385,False,False
service_km,0,pool_share (OCG),0.0503333333333333,0.0039916533286717,0.6444246343906941,0.6415718414151743,0.0579833066573434,0.06171629873021717,False,False
service_km,0,pool_mean_rank,0.0516666666666666,0.004041337329079,0.510243063263041,0.5095668978912319,0.058082674658158,0.06186213118182385,False,False
service_km,0,top5_leakage,0.0,1.8257418583505536e-08,3.224,3.21435,0.05000003651483717,0.05000005358916533,False,False
service_km,0,top11_leakage,0.0386666666666666,0.0035200168349765,7.089,7.05415,0.057040033669953,0.06033195154442487,False,False
