N,f_out,n_pool,p_min_K5,K_min_for_p<=0.05
53,0.2,11,0.0001609932797502165,2
53,0.35,19,0.004052012677349604,3
53,0.5,26,0.022922376497768918,5
53,0.64,34,0.09696395248955895,7
53,0.8,42,0.29643253527826224,12
100,0.2,20,0.00020593054466397617,2
100,0.35,35,0.004311896579937817,3
100,0.5,50,0.028142247214412164,5
100,0.64,64,0.10127192395233632,7
100,0.8,80,0.31930944198985434,13
200,0.2,40,0.00025950268752386667,2
200,0.35,70,0.004773140539535968,3
200,0.5,100,0.029691605234293292,5
200,0.64,128,0.1043386886307071,7
200,0.8,160,0.32353992824656513,13
