indicator,N,f_out,planted_fraction,planted_m,power
eff_loss_dist,53,0.2,0.05,3,1.0
eff_loss_dist,53,0.2,0.1,5,1.0
eff_loss_dist,53,0.35,0.05,3,0.6557777777777778
eff_loss_dist,53,0.35,0.1,5,1.0
eff_loss_dist,53,0.5,0.05,3,0.3504444444444445
eff_loss_dist,53,0.5,0.1,5,0.7962222222222222
eff_loss_dist,53,0.64,0.05,3,0.19666666666666668
eff_loss_dist,53,0.64,0.1,5,0.40199999999999997
eff_loss_dist,53,0.8,0.05,3,0.10533333333333333
eff_loss_dist,53,0.8,0.1,5,0.15777777777777777
eff_loss_dist,100,0.2,0.05,5,1.0
eff_loss_dist,100,0.2,0.1,10,1.0
eff_loss_dist,100,0.35,0.05,5,0.9615555555555556
eff_loss_dist,100,0.35,0.1,10,1.0
eff_loss_dist,100,0.5,0.05,5,0.6733333333333333
eff_loss_dist,100,0.5,0.1,10,0.9991111111111112
eff_loss_dist,100,0.64,0.05,5,0.35488888888888886
eff_loss_dist,100,0.64,0.1,10,0.8966666666666666
eff_loss_dist,100,0.8,0.05,5,0.16666666666666666
eff_loss_dist,100,0.8,0.1,10,0.408
eff_loss_dist,200,0.2,0.05,10,1.0
eff_loss_dist,200,0.2,0.1,20,1.0
eff_loss_dist,200,0.35,0.05,10,1.0
eff_loss_dist,200,0.35,0.1,20,1.0
eff_loss_dist,200,0.5,0.05,10,0.9822222222222222
eff_loss_dist,200,0.5,0.1,20,1.0
eff_loss_dist,200,0.64,0.05,10,0.7753333333333333
eff_loss_dist,200,0.64,0.1,20,0.9997777777777778
eff_loss_dist,200,0.8,0.05,10,0.3417777777777778
eff_loss_dist,200,0.8,0.1,20,0.8915555555555557
betw_dist,53,0.2,0.05,3,0.9513333333333334
betw_dist,53,0.2,0.1,5,1.0
betw_dist,53,0.35,0.05,3,0.5824444444444444
betw_dist,53,0.35,0.1,5,0.9746666666666667
betw_dist,53,0.5,0.05,3,0.32355555555555554
betw_dist,53,0.5,0.1,5,0.7004444444444444
betw_dist,53,0.64,0.05,3,0.19600000000000004
betw_dist,53,0.64,0.1,5,0.37422222222222223
betw_dist,53,0.8,0.05,3,0.10422222222222222
betw_dist,53,0.8,0.1,5,0.16711111111111113
betw_dist,100,0.2,0.05,5,1.0
betw_dist,100,0.2,0.1,10,1.0
betw_dist,100,0.35,0.05,5,0.9484444444444445
betw_dist,100,0.35,0.1,10,1.0
betw_dist,100,0.5,0.05,5,0.6462222222222223
betw_dist,100,0.5,0.1,10,0.9979999999999999
betw_dist,100,0.64,0.05,5,0.3431111111111111
betw_dist,100,0.64,0.1,10,0.8928888888888888
betw_dist,100,0.8,0.05,5,0.1711111111111111
betw_dist,100,0.8,0.1,10,0.4095555555555555
betw_dist,200,0.2,0.05,10,1.0
betw_dist,200,0.2,0.1,20,1.0
betw_dist,200,0.35,0.05,10,1.0
betw_dist,200,0.35,0.1,20,1.0
betw_dist,200,0.5,0.05,10,0.9786666666666667
betw_dist,200,0.5,0.1,20,1.0
betw_dist,200,0.64,0.05,10,0.7991111111111112
betw_dist,200,0.64,0.1,20,1.0
betw_dist,200,0.8,0.05,10,0.35977777777777775
betw_dist,200,0.8,0.1,20,0.8855555555555555
