column,gini,top3_pct,n_for_80,n_zero
deg,0.4286608260325411,31.914893617021292,18,0
betw_unw,0.7874493172570964,65.07874957713538,7,15
betw_dist,0.8096960926193923,60.0578871201158,6,21
close_unw,0.11073221689386181,12.624384903440228,26,0
close_dist,0.12251240781932538,12.060905345431177,25,0
eig_unw,0.5130676169545716,32.044983971420734,15,0
topo,0.24754901960784403,25.000000000000064,25,0
eff_loss_hop,0.8524048603964813,70.29487571425759,5,22
eff_loss_dist,0.8226211308833935,59.346016462030335,6,21
overload_a02,0.701460976547482,34.64052287581701,7,0
overload_a05,0.6665918275707237,67.17557251908403,10,0
overload_a08,0.4403479701739861,40.84507042253527,20,0
topo_alpha_inf,0.24754901960784403,25.000000000000064,25,0
overload_extra_a05,0.9259390503189229,91.566265060241,3,27
service_days,0.5999078482567963,45.234986945169716,12,0
service_km,0.646795356505746,52.6145299444351,11,0
wagon_flow,0.8485030025026765,69.80434695271383,5,11
