scope,indicator,n_pool,n_zero_in_pool,gini_pool,gini_inscope,gini_diff_out_minus_in,top3_share_pool,null_randompool_mean,null_randompool_sd,effect_vs_randompool,p_randompool,p_randompool_mcse,p_diff_label_permutation,p_dirichlet_legacy,MDE_gini_80pct_power,p_randompool_holm,p_diff_label_permutation_holm
manuscript line-tag weights,eff_loss_dist,34,21,0.8226211308833935,0.7405836578119647,0.08203747307142883,0.5934601646203034,0.7942670064104065,0.0330122088082457,0.02835412447298702,0.20007999200079993,0.004000599815049736,0.22707729227077292,9.999000099990002e-05,0.08208402729208464,0.394960503949605,0.45415458454154584
manuscript line-tag weights,eff_loss_hop,34,22,0.8524048603964813,0.7191485125671369,0.13325634782934448,0.7029487571425758,0.8033014891456329,0.030245810344199646,0.049103371250848404,0.0542945705429457,0.002265980365151093,0.0780921907809219,9.999000099990002e-05,0.07520544705704085,,
manuscript line-tag weights,topo,34,0,0.24754901960784403,0.26146010186757285,-0.013911082259728813,0.25000000000000067,0.25514323633985425,0.038219592913448765,-0.007594216732010217,0.6296370362963704,0.004829018935770428,0.6326367363263674,1.0,0.09503205695876633,,
manuscript line-tag weights,betw_dist,34,21,0.8096960926193923,0.6759453190099771,0.13375077360941523,0.6005788712011579,0.7577303383734411,0.035223859089454156,0.05196575424595129,0.0668933106689331,0.0024983713826547626,0.1105889411058894,9.999000099990002e-05,0.08758324011658115,0.2006799320067993,0.3317668233176682
manuscript line-tag weights,betw_unw,34,15,0.7874493172570964,0.7086245802199844,0.07882473703711201,0.6507874957713538,0.7553552315203614,0.02977299725937529,0.032094085736735,0.1324867513248675,0.0033901919126835614,0.22657734226577342,9.999000099990002e-05,0.07402980920789812,,
manuscript line-tag weights,close_dist,34,0,0.12251240781932538,0.10276602167431514,0.01974638614501023,0.12060905345431178,0.12338009323922952,0.009526843612207915,-0.0008676854199041462,0.5524447555244476,0.004972419407270277,0.2646735326467353,1.0,0.023688257141902314,,
manuscript line-tag weights,eig_unw,34,0,0.5130676169545716,0.40353667412100114,0.10953094283357045,0.3204498397142074,0.47959925583798596,0.029376690081731608,0.03346836111658563,0.12888711128887112,0.0033507495255909723,0.1146885311468853,0.283971602839716,0.07304440137364172,,
manuscript line-tag weights,deg,34,0,0.4286608260325411,0.44129554655870495,-0.012634720526163878,0.31914893617021295,0.4397628144112361,0.030600114842976082,-0.011101988378695027,0.6723327667233276,0.00469362778150849,0.6133386661333866,0.8769123087691231,0.07608641628621916,,
manuscript line-tag weights,service_km,34,0,0.646795356505746,0.5637823489587872,0.08301300754695884,0.5261452994443511,0.6130198262962333,0.039971363953277814,0.03377553020951274,0.1974802519748025,0.003980977292760799,0.31416858314168583,0.00039996000399960006,0.09938779161069593,0.394960503949605,0.45415458454154584
manuscript line-tag weights,overload_a05,34,0,0.6665918275707237,0.683689421573737,-0.01709759400301336,0.6717557251908404,0.6579524097618772,0.07231352704182659,0.008639417808846472,0.49735026497350265,0.004999929788549929,0.44895510448955106,0.00019998000199980003,0.1798057670653522,,
branch->trunk tag weights,eff_loss_dist,32,20,0.7928316205601482,0.7346528942295603,0.05817872633058796,0.511848482370836,0.7935469666083893,0.03583554918454987,-0.0007153460482410834,0.525047495250475,0.004993722288851047,0.300969903009699,9.999000099990002e-05,0.08910419216046842,0.9769023097690231,0.601939806019398
branch->trunk tag weights,eff_loss_hop,32,21,0.8322027763519078,0.7314739030056785,0.10072887334622926,0.6292596214699424,0.8025657704437381,0.03282677127193715,0.029637005908169645,0.17688231176882313,0.0038156907572828797,0.13758624137586242,9.999000099990002e-05,0.08162294151985586,,
branch->trunk tag weights,topo,32,0,0.16093750000000062,0.3345543345543356,-0.17361683455433496,0.17500000000000035,0.2543956835091534,0.04119346235270279,-0.0934581835091528,0.9865013498650135,0.001153968655532712,0.9878012198780122,1.0,0.10242650855795322,,
branch->trunk tag weights,betw_dist,32,20,0.7982618343195269,0.6848318485710922,0.11342998574843466,0.5966469428007891,0.7566736264244049,0.037900738770346935,0.041588207895121965,0.136986301369863,0.003438328876167434,0.14228577142285773,9.999000099990002e-05,0.0942392341477696,0.410958904109589,0.4268573142685732
branch->trunk tag weights,betw_unw,32,14,0.7708999513318553,0.7157477854375478,0.05515216589430749,0.6017736294150485,0.7542005247411203,0.03244834942481212,0.016699426590734978,0.30996900309969005,0.004624805079320364,0.2983701629837016,9.999000099990002e-05,0.08068200511030627,,
branch->trunk tag weights,close_dist,32,0,0.11721139866590313,0.11632347778544538,0.0008879208804577488,0.1272317696038058,0.1232419584201239,0.01029952788927904,-0.006030559754220774,0.7198280171982802,0.004490831135265193,0.5191480851914808,1.0,0.025609517171962127,,
branch->trunk tag weights,eig_unw,32,0,0.5117071067110066,0.4128939620359964,0.09881314467501023,0.34284044510811185,0.4785137880275827,0.031476684409966704,0.0331933186834239,0.14528547145285473,0.003523884266510131,0.1254874512548745,0.29657034296570345,0.07826598447804209,,
branch->trunk tag weights,deg,32,0,0.4092261904761907,0.45021645021645074,-0.04099025974026005,0.3214285714285716,0.4389329118532069,0.03311663842012134,-0.029706721377016188,0.811918808119188,0.003907769915712863,0.7122287771222878,0.9339066093390661,0.08234368889670773,,
branch->trunk tag weights,service_km,32,0,0.6215799607555941,0.5909611716407597,0.0306187891148344,0.5021909794499898,0.6111548819378128,0.042691991205430976,0.01042507881778132,0.4884511548845116,0.004998666063826413,0.46505349465053497,0.0025997400259974,0.1061525628780323,0.9769023097690231,0.601939806019398
branch->trunk tag weights,overload_a05,32,0,0.6545907079646025,0.6818727490996406,-0.02728204113503807,0.6637168141592927,0.6543733120934915,0.07915271218829878,0.00021739587111102576,0.7126287371262874,0.00452536208659683,0.561043895610439,0.00019998000199980003,0.1968112289985271,,
"original four, service share",eff_loss_dist,15,5,0.6776351420716764,0.8218177607197226,-0.14418261864804616,0.6532815481095455,0.7683878196243513,0.06680808477179073,-0.09075267755267491,0.9044095590440956,0.002940287546376377,0.8869113088691131,0.0011998800119988001,0.16611662326483972,1.0,1.0
"original four, service share",eff_loss_hop,15,8,0.7060958406546858,0.8140380605405526,-0.10794221988586683,0.6752450728038066,0.7833415260471931,0.06517969061338094,-0.07724568539250731,0.8788878887888789,0.0032625751750589,0.8342834283428343,0.00039996000399960006,0.16206766212692902,,
"original four, service share",topo,15,0,0.20317460317460379,0.2794918330308538,-0.07631722985625,0.33333333333333404,0.23751707151211696,0.07480225071868608,-0.03434246833751317,0.6693330666933307,0.0047045330536008775,0.6799320067993201,0.9997000299970003,0.18599391592265516,,
"original four, service share",betw_dist,15,5,0.5792630676949444,0.8087659745523776,-0.22950290685743324,0.559125964010283,0.7321370195145627,0.07041809417403491,-0.15287395181961827,0.9795020497950205,0.001416960981903653,0.977002299770023,0.05779422057794221,0.17509282088977657,1.0,1.0
"original four, service share",betw_unw,15,5,0.5222518726013197,0.791294858308657,-0.2690429857073373,0.4843706617783364,0.7246400515821825,0.06993119586837665,-0.2023881789808628,0.9917008299170083,0.0009072096703036912,0.991000899910009,0.22407759224077592,0.17388216049312535,,
"original four, service share",close_dist,15,0,0.12109342404762446,0.11034591799465021,0.010747506052974254,0.2579941843368491,0.11879257332775336,0.020049941819110104,0.0023008507198711003,0.45185481451854814,0.00497676643127801,0.27877212278772123,1.0,0.04985367628819386,,
"original four, service share",eig_unw,15,0,0.5037242096995946,0.4277983004321737,0.07592590926742093,0.5143121969746777,0.4613847453676738,0.06116715944654729,0.04233946433192082,0.25817418258174185,0.004376302937754553,0.12938706129387062,0.2996700329967003,0.15209060425352658,,
"original four, service share",deg,15,0,0.2625000000000002,0.46954887218045127,-0.2070488721804511,0.34375000000000033,0.41635434457640114,0.06475126098836645,-0.15385434457640096,0.9856014398560144,0.001191269978206686,0.9837016298370163,0.9985001499850015,0.1610023826348266,,
"original four, service share",service_km,15,0,0.3858229509717839,0.6381946044589999,-0.252371653487216,0.4233475721955343,0.5754644112325074,0.08387520791416798,-0.18964146026072348,0.9775022497750225,0.0014829565556614256,0.9762023797620238,0.8697130286971303,0.20855359589983474,1.0,1.0
"original four, service share",overload_a05,15,0,0.22777777777777852,0.7107793522267212,-0.48300157444894265,0.33333333333333387,0.5756357625544001,0.1643770601131518,-0.34785798477662155,0.9652034796520348,0.0018326407863964735,0.9716028397160283,0.9996000399960004,0.4087194276182578,,
"top-4 by train-km, service share",eff_loss_dist,8,4,0.7265850441196537,0.7975465038314897,-0.07096145971183598,0.9569928545099748,0.7294474526463837,0.09490510478350249,-0.0028624085267299204,0.5628070175438596,0.004960395937294172,0.5490726817042606,0.000999900009999,0.23597915717961163,1.0,1.0
"top-4 by train-km, service share",eff_loss_hop,8,6,0.7642467904823615,0.8005205739507315,-0.03627378346836996,1.0,0.7489264010025829,0.09492579891272497,0.015320389479778651,0.45555216905415014,0.0049802047179228395,0.4412272681093163,9.999000099990002e-05,0.23603061261168376,,
"top-4 by train-km, service share",topo,8,0,0.15000000000000058,0.2743961352657016,-0.12439613526570104,0.5000000000000006,0.21236704883876364,0.10036554049440251,-0.06236704883876307,0.8244175582441756,0.003804645159576474,0.8281171882811719,0.9992000799920008,0.2495563933022741,,
"top-4 by train-km, service share",betw_dist,8,4,0.6565217391304348,0.7672031442751819,-0.11068140514474711,0.9478260869565217,0.6940225217525601,0.10145112749980258,-0.037500782622125306,0.6646616541353384,0.004721086100225394,0.6499248120300752,0.0093990600939906,0.25225567810011335,1.0,1.0
"top-4 by train-km, service share",betw_unw,8,4,0.691234949505271,0.7545074420130853,-0.0632724925078143,0.9761576321122636,0.6786215307366537,0.1019075962594706,0.012613418768617324,0.4966,0.004999884398663633,0.4759,0.0028997100289971,0.25339067619564265,,
"top-4 by train-km, service share",close_dist,8,0,0.14307759101688,0.11617714839458992,0.026900442622290077,0.47030808508727046,0.11196455295234219,0.02909788010480261,0.031113038064537815,0.1494850514948505,0.003565659418318474,0.1342865713428657,0.9995000499950005,0.07235114737514438,,
"top-4 by train-km, service share",eig_unw,8,0,0.3879702999071597,0.45699921293589263,-0.06902891302873293,0.6324168861099362,0.43061865725140214,0.08916299133466016,-0.04264835734424244,0.6831316868313169,0.004652556128391322,0.5558444155584441,0.6936306369363063,0.22170153644278617,,
"top-4 by train-km, service share",deg,8,0,0.24999999999999978,0.450070323488045,-0.2000703234880452,0.5714285714285714,0.3808076966722324,0.09207008163299107,-0.13080769667223263,0.9217078292170783,0.002686308001272742,0.8982101789821018,0.9756024397560243,0.22892994338686035,,
"top-4 by train-km, service share",service_km,8,0,0.4484168608504908,0.6230777046935119,-0.17466084384302105,0.7356662726044777,0.5204300178641272,0.11648893515987932,-0.07201315701363642,0.7313268673132687,0.004432695347743056,0.6971302869713029,0.4570542945705429,0.2896468088042952,1.0,1.0
"top-4 by train-km, service share",overload_a05,8,0,0.15000000000000058,0.693293293293294,-0.5432932932932935,0.5000000000000006,0.4762785482737634,0.21109799415719754,-0.32627854827376285,0.9492050794920508,0.002195786796538779,0.9492050794920508,0.9992000799920008,0.5248898555789955,,
