scope,indicator,OCG,baseline_1_minus_mean_w,effect,perm_sd,z,p_upper,p_lower,coverage_rank_among_designs,n_designs,best_possible_coverage,median_design_coverage,own_coverage
manuscript line-tag weights,eff_loss_dist,0.5442959381985089,0.6792452830188679,-0.13494934482035903,0.13446498181503225,-0.9949516783065917,0.8194180581941806,0.18068193180681932,,,,,
manuscript line-tag weights,betw_dist,0.5802695589759951,0.6792452830188679,-0.0989757240428728,0.12118599777013435,-0.8152700583154194,0.7775222477752225,0.22257774222577742,,,,,
manuscript line-tag weights,service_km,0.6891320310368164,0.6792452830188679,0.009886748017948532,0.09796497971518006,0.10168003331079652,0.49625037496250374,0.5038496150384961,,,,,
branch->trunk tag weights,eff_loss_dist,0.4102055392346933,0.6415094339622641,-0.23130389472757085,0.13654026843695366,-1.71316666438191,0.9457054294570543,0.054394560543945605,,,,,
branch->trunk tag weights,betw_dist,0.46287582741845434,0.6415094339622641,-0.17863360654380978,0.1233493373454158,-1.4474866804409936,0.9096090390960904,0.09059094090590941,,,,,
branch->trunk tag weights,service_km,0.5735144158755757,0.6415094339622641,-0.0679950180866884,0.1004757079278186,-0.6789543898241271,0.7434256574342566,0.2566743325667433,,,,,
"original four, service share",eff_loss_dist,0.3264293446255031,0.3387337320480768,-0.01230438742257367,0.12580514898813053,-0.11017507504531884,0.5021497850214979,0.49795020497950204,4.0,210.0,0.7800923178584445,0.4111526377241117,0.6735706553744969
"original four, service share",betw_dist,0.3511781838041027,0.3387337320480768,0.012444451756025932,0.11427930651479239,0.11256859455495762,0.41925807419258077,0.5808419158084192,7.0,210.0,0.7808602009653625,0.41665502315801184,0.6488218161958973
"original four, service share",service_km,0.22942960549432306,0.3387337320480768,-0.10930412655375371,0.09077247348745664,-1.2066578940357076,0.8867113288671132,0.11338866113388661,5.0,210.0,0.8306161608368897,0.3822835576732274,0.770570394505677
"top-4 by train-km, service share",eff_loss_dist,0.21990768214155557,0.22423133572527837,-0.004323653583722803,0.09533165290911148,-0.039658609712929796,0.45815418458154183,0.541945805419458,1.0,210.0,0.7800923178584445,0.4111526377241117,0.7800923178584445
"top-4 by train-km, service share",betw_dist,0.21913979903463782,0.22423133572527837,-0.005091536690640552,0.0862778036524708,-0.05297170213981245,0.46435356464353567,0.5357464253574643,1.0,210.0,0.7808602009653625,0.41665502315801184,0.7808602009653622
"top-4 by train-km, service share",service_km,0.16938383916311048,0.22423133572527837,-0.05484749656216789,0.06854196771639473,-0.7899266549228695,0.7657234276572342,0.2343765623437656,1.0,210.0,0.8306161608368897,0.3822835576732274,0.8306161608368895
