K,K_over_pool,feature_set,greedy_set,exact_set,greedy_coverage,greedy_over_exact,random_mean_coverage,greedy_percentile_vs_random_sets,StageB_topK_objective_over_greedy,overlap_mean_tiebreak,overlap_median,expected_overlap_uniform,p_uniform_exact_mean,spearman_B_vs_composite,p_information_matched,p_info_matched_mcse
3,0.08823529411764706,"Full (closeness, eigenvector, service, betweenness)",Obong|Goedong|BusanNewPort,Goedong|Obong|BusanNewPort,0.21542597125738006,1.0,0.11868097717918169,0.9996,0.9191457911941461,2.0,2,0.2647058823529412,0.01570855614973262,0.6286607152943436,0.33079338413231735,0.0021041346019045762
3,0.08823529411764706,"Service-augmented (closeness, eigenvector, service)",Obong|Goedong|BusanNewPort,Goedong|Obong|BusanNewPort,0.21465099151260603,1.0,0.11970129886735113,0.9998,0.9153198830660438,2.0,2,0.2647058823529412,0.01570855614973262,0.46143763391048864,0.16643667126657466,0.0016657461134535288
3,0.08823529411764706,"Distinct only (closeness, eigenvector)",Obong|Gwangwoondae|Goedong,Gwangwoondae|Goedong|Obong,0.22508915832615253,1.0,0.11900951106854345,0.9998,0.877335196591323,1.0,1,0.2647058823529412,0.24883021390374316,0.32700144518090546,0.5337093258134837,0.0022309804183506424
5,0.14705882352941177,"Full (closeness, eigenvector, service, betweenness)",Obong|Goedong|BusanNewPort|ShingwangyangPort|Susaek,Goedong|Obong|Susaek|ShingwangyangPort|BusanNewPort,0.30831926656868924,1.0,0.18616881513422048,1.0,0.9608791369426872,3.0,3,0.7352941176470589,0.015115577022597889,0.6286607152943436,0.4461510769784604,0.002223062273034295
5,0.14705882352941177,"Service-augmented (closeness, eigenvector, service)",Obong|Goedong|BusanNewPort|Ipseokri|Susaek,Ipseokri|Goedong|Obong|Susaek|BusanNewPort,0.32036803188574203,1.0,0.18636397272974872,1.0,0.904732249860937,3.0,3,0.7352941176470589,0.015115577022597889,0.46143763391048864,0.21513569728605428,0.0018376742314093512
5,0.14705882352941177,"Distinct only (closeness, eigenvector)",Obong|Gwangwoondae|Goedong|Ipseokri|BusanNewPort,Gwangwoondae|Ipseokri|Goedong|Obong|BusanNewPort,0.33014081615237684,1.0,0.18722845965700463,1.0,0.8695593886679466,3.0,3,0.7352941176470589,0.015115577022597889,0.32700144518090546,0.10937781244375112,0.001395810206215521
7,0.20588235294117646,"Full (closeness, eigenvector, service, betweenness)",Obong|Goedong|BusanNewPort|ShingwangyangPort|Susaek|Ipseokri|Ssangryong,Ipseokri|Goedong|Obong|Susaek|ShingwangyangPort|BusanNewPort|Ssangryong,0.392907201343691,1.0,0.2493421451069723,1.0,0.8872001167844369,4.0,4,1.4411764705882353,0.020435659348176528,0.6286607152943436,0.5892882142357153,0.0022001255182311622
7,0.20588235294117646,"Service-augmented (closeness, eigenvector, service)",Obong|Goedong|BusanNewPort|Ipseokri|Susaek|Gwangwoondae|ShingwangyangPort,Gwangwoondae|Ipseokri|Goedong|Obong|Susaek|ShingwangyangPort|BusanNewPort,0.4123359239607181,1.0,0.25088907965042884,1.0,0.7998644418262475,3.0,3,1.4411764705882353,0.1346166715245103,0.46143763391048864,0.6593868122637547,0.002119414277938122
7,0.20588235294117646,"Distinct only (closeness, eigenvector)",Obong|Gwangwoondae|Goedong|Ipseokri|BusanNewPort|Susaek|ShingwangyangPort,Gwangwoondae|Ipseokri|Goedong|Obong|Susaek|ShingwangyangPort|BusanNewPort,0.4224754564638958,1.0,0.2505619111571366,1.0,0.7683458453043387,3.0,3,1.4411764705882353,0.1346166715245103,0.32700144518090546,0.4665506689866203,0.002231058682575415
