weights,n,n_isolated,I,E_I,perm_mean,z,p_two,p_pos,p_pos_bh
kNN k=3,34,0,-0.09369973862430218,-0.030303030303030304,-0.031061405976462595,-0.664594915529645,0.4872,0.7283,0.9895
kNN k=4,34,0,-0.10630149360706903,-0.030303030303030304,-0.030725284432225268,-0.948745674478213,0.3224,0.8408,0.9895
kNN k=5,34,0,-0.12615914049600493,-0.030303030303030304,-0.031328287930867456,-1.3443871585823377,0.1522,0.9465,0.9895
kNN k=6,34,0,-0.1381312944214851,-0.030303030303030304,-0.02990696889806033,-1.68391524397905,0.0759,0.9895,0.9895
kNN k=7,34,0,-0.12392586832226027,-0.030303030303030304,-0.030131384465127663,-1.5987793883426724,0.0923,0.9806,0.9895
kNN k=8,34,0,-0.05135237112561208,-0.030303030303030304,-0.030645217333529876,-0.3907581884098471,0.6953,0.6048,0.9895
inverse distance,34,0,-0.05358074695700396,-0.030303030303030304,-0.030083491174557938,-0.5756962177439491,0.5049,0.7132,0.9895
service adjacency (pool-pool),34,9,-0.08992318815836252,-0.030303030303030304,-0.030039932407361688,-0.3776133681963093,0.665,0.6227,0.9895
share a service neighbour,34,1,-0.0896328241373145,-0.030303030303030304,-0.03165987174534925,-0.6758948336349568,0.4159,0.7829,0.9895
