indicator,planted_m,n_pool,n_sim,reject_dirichlet,reject_randompool,mcse_dirichlet,mcse_randompool
eff_loss_dist,0,34,3000,1.0,0.04466666666666667,1.8257418583505536e-08,0.0037714522205447402
eff_loss_dist,1,34,3000,1.0,0.06933333333333333,1.8257418583505536e-08,0.0046377516902849315
eff_loss_dist,2,34,3000,1.0,0.05433333333333333,1.8257418583505536e-08,0.004138486930518698
eff_loss_dist,3,34,3000,1.0,0.036333333333333336,1.8257418583505536e-08,0.00341629537277942
eff_loss_dist,5,34,3000,1.0,0.0036666666666666666,1.8257418583505536e-08,0.001103512909186268
betw_dist,0,34,3000,1.0,0.055,1.8257418583505536e-08,0.004162331077653483
betw_dist,1,34,3000,1.0,0.07733333333333334,1.8257418583505536e-08,0.004876914628768511
betw_dist,2,34,3000,1.0,0.06666666666666667,1.8257418583505536e-08,0.004554200340426488
betw_dist,3,34,3000,1.0,0.041666666666666664,1.8257418583505536e-08,0.0036483126490454714
betw_dist,5,34,3000,1.0,0.008,1.8257418583505536e-08,0.0016264480727442034
betw_unw,0,34,3000,1.0,0.04466666666666667,1.8257418583505536e-08,0.0037714522205447402
betw_unw,1,34,3000,1.0,0.06733333333333333,1.8257418583505536e-08,0.004575279793103935
betw_unw,2,34,3000,1.0,0.057,1.8257418583505536e-08,0.004232847741178509
betw_unw,3,34,3000,1.0,0.047,1.8257418583505536e-08,0.0038639789509433576
betw_unw,5,34,3000,1.0,0.008666666666666666,1.8257418583505536e-08,0.0016922918932181445
eig_unw,0,34,3000,0.0,0.045,1.8257418583505536e-08,0.0037848381735551126
eig_unw,1,34,3000,0.0003333333333333333,0.06866666666666667,0.0003332777731473764,0.004617053734275267
eig_unw,2,34,3000,0.0003333333333333333,0.10466666666666667,0.0003332777731473764,0.005589023634337682
eig_unw,3,34,3000,0.0006666666666666666,0.12266666666666666,0.00047124735975289457,0.00598942277562581
eig_unw,5,34,3000,0.0003333333333333333,0.10533333333333333,0.0003332777731473764,0.005604707016494327
service_km,0,34,3000,0.871,0.05466666666666667,0.006119885619846175,0.004150430588996047
service_km,1,34,3000,0.9996666666666667,0.07866666666666666,0.000333277773147358,0.0049152220099815845
service_km,2,34,3000,1.0,0.126,1.8257418583505536e-08,0.006058712734566643
service_km,3,34,3000,1.0,0.12866666666666668,1.8257418583505536e-08,0.00611314309651905
service_km,5,34,3000,1.0,0.08466666666666667,1.8257418583505536e-08,0.005082591931361472
