indicator,planted_m,statistic,reject,mcse,mean_stat_planted,mean_stat_null
eff_loss_dist,0,gini_pool,0.043666666666666666,0.0037309466577482666,0.7946107324221937,0.7945776859073999
eff_loss_dist,0,gini_diff_out_minus_in,0.046,0.003824656847352452,0.017072799103397183,0.017283852689158268
eff_loss_dist,0,pool_share (OCG),0.043333333333333335,0.003717326797379875,0.6387559300240107,0.6430626371397219
eff_loss_dist,0,pool_mean_rank,0.041,0.0036202670251423903,0.5090912874583796,0.5096839067702553
eff_loss_dist,0,top5_leakage,0.0,1.8257418583505536e-08,3.191,3.21165
eff_loss_dist,0,top11_leakage,0.034333333333333334,0.003324382426634836,7.016666666666667,7.06845
eff_loss_dist,1,gini_pool,0.08133333333333333,0.004990598568716389,0.806463400588264,0.7945776859073999
eff_loss_dist,1,gini_diff_out_minus_in,0.083,0.005036897193047852,0.04530893004585927,0.017283852689158268
eff_loss_dist,1,pool_share (OCG),0.07933333333333334,0.004934219139693587,0.71862639692162,0.6430626371397219
eff_loss_dist,1,pool_mean_rank,0.06966666666666667,0.0046480541528049575,0.5137242878283389,0.5096839067702553
eff_loss_dist,1,top5_leakage,0.0,1.8257418583505536e-08,3.514,3.21165
eff_loss_dist,1,top11_leakage,0.055,0.004162331077653483,7.321,7.06845
eff_loss_dist,2,gini_pool,0.05533333333333333,0.0041741887657186574,0.8021447707541041,0.7945776859073999
eff_loss_dist,2,gini_diff_out_minus_in,0.07666666666666666,0.004857601907968199,0.04439004775566203,0.017283852689158268
eff_loss_dist,2,pool_share (OCG),0.12766666666666668,0.006092834285423298,0.7670046521415794,0.6430626371397219
eff_loss_dist,2,pool_mean_rank,0.09966666666666667,0.005469101761173774,0.5209602293747688,0.5096839067702553
eff_loss_dist,2,top5_leakage,0.0,1.8257418583505536e-08,3.884,3.21165
eff_loss_dist,2,top11_leakage,0.08933333333333333,0.005207459037729402,7.676333333333333,7.06845
eff_loss_dist,3,gini_pool,0.030333333333333334,0.0031311990366962314,0.7978906020393562,0.7945776859073999
eff_loss_dist,3,gini_diff_out_minus_in,0.07933333333333334,0.004934219139693587,0.04748916218056208,0.017283852689158268
eff_loss_dist,3,pool_share (OCG),0.193,0.007205345238085403,0.8046231965247294,0.6430626371397219
eff_loss_dist,3,pool_mean_rank,0.124,0.006017308368365377,0.5252921753607104,0.5096839067702553
eff_loss_dist,3,top5_leakage,0.0,1.8257418583505536e-08,4.2316666666666665,3.21165
eff_loss_dist,3,top11_leakage,0.105,0.005596874127582288,7.9543333333333335,7.06845
eff_loss_dist,5,gini_pool,0.005,0.0012877629181387905,0.7858683577985839,0.7945776859073999
eff_loss_dist,5,gini_diff_out_minus_in,0.06133333333333333,0.004380698405336587,0.0339352812165587,0.017283852689158268
eff_loss_dist,5,pool_share (OCG),0.41933333333333334,0.00900912294822844,0.8489158725105296,0.6430626371397219
eff_loss_dist,5,pool_mean_rank,0.203,0.007343727482234981,0.5354256381798003,0.5096839067702553
eff_loss_dist,5,top5_leakage,0.0,1.8257418583505536e-08,5.0,3.21165
eff_loss_dist,5,top11_leakage,0.218,0.007538257977366743,8.588,7.06845
betw_dist,0,gini_pool,0.043333333333333335,0.003717326797379875,0.7569794049935769,0.7579196026710179
betw_dist,0,gini_diff_out_minus_in,0.043666666666666666,0.0037309466577482666,0.013830496973174941,0.016992695815255247
betw_dist,0,pool_share (OCG),0.059333333333333335,0.004313269791735302,0.6412405827152617,0.6426011803174099
betw_dist,0,pool_mean_rank,0.05333333333333334,0.00410239315883176,0.5101354051054384,0.5096656770255273
betw_dist,0,top5_leakage,0.0,1.8257418583505536e-08,3.205,3.2082
betw_dist,0,top11_leakage,0.039,0.0035345438178073277,7.050666666666666,7.06725
betw_dist,1,gini_pool,0.07033333333333333,0.004668567073366143,0.7715146306323595,0.7579196026710179
betw_dist,1,gini_diff_out_minus_in,0.07333333333333333,0.004759396164625493,0.04983322799525689,0.016992695815255247
betw_dist,1,pool_share (OCG),0.08066666666666666,0.004971906259358864,0.7139611080096765,0.6426011803174099
betw_dist,1,pool_mean_rank,0.064,0.004468556814006061,0.5146002589715132,0.5096656770255273
betw_dist,1,top5_leakage,0.0,1.8257418583505536e-08,3.5473333333333334,3.2082
betw_dist,1,top11_leakage,0.051333333333333335,0.004028987557779341,7.323333333333333,7.06725
betw_dist,2,gini_pool,0.063,0.004435876463563881,0.7695623181163589,0.7579196026710179
betw_dist,2,gini_diff_out_minus_in,0.07833333333333334,0.004905684533349116,0.05520306472257674,0.016992695815255247
betw_dist,2,pool_share (OCG),0.131,0.006160059523521939,0.7527160592285406,0.6426011803174099
betw_dist,2,pool_mean_rank,0.084,0.005064385451365249,0.5197924528301887,0.5096656770255273
betw_dist,2,top5_leakage,0.0,1.8257418583505536e-08,3.885,3.2082
betw_dist,2,top11_leakage,0.08033333333333334,0.004962522506712653,7.6706666666666665,7.06725
betw_dist,3,gini_pool,0.03933333333333333,0.003549000902705916,0.7641576970422557,0.7579196026710179
betw_dist,3,gini_diff_out_minus_in,0.07366666666666667,0.004769342683182833,0.047909794734274515,0.016992695815255247
betw_dist,3,pool_share (OCG),0.19466666666666665,0.007228913139966836,0.7771370656883858,0.6426011803174099
betw_dist,3,pool_mean_rank,0.117,0.005868304695565833,0.5253494265630781,0.5096656770255273
betw_dist,3,top5_leakage,0.0,1.8257418583505536e-08,4.245666666666667,3.2082
betw_dist,3,top11_leakage,0.10833333333333334,0.00567442279655597,7.957333333333334,7.06725
betw_dist,5,gini_pool,0.006333333333333333,0.001448357946345012,0.7519311729584637,0.7579196026710179
betw_dist,5,gini_diff_out_minus_in,0.05633333333333333,0.004209508636760705,0.04068435463274442,0.016992695815255247
betw_dist,5,pool_share (OCG),0.43,0.009038805230781334,0.826301698700056,0.6426011803174099
betw_dist,5,pool_mean_rank,0.21233333333333335,0.007466545137899877,0.5359357195708472,0.5096656770255273
betw_dist,5,top5_leakage,0.0,1.8257418583505536e-08,5.0,3.2082
betw_dist,5,top11_leakage,0.227,0.007647897314512881,8.632,7.06725
betw_unw,0,gini_pool,0.054,0.004126499727371856,0.7559029796115392,0.7552634129872323
betw_unw,0,gini_diff_out_minus_in,0.052,0.004053640339250634,0.021357567934827376,0.018850864225532473
betw_unw,0,pool_share (OCG),0.044,0.003744507088167057,0.640904866413682,0.6421238499950589
betw_unw,0,pool_mean_rank,0.04666666666666667,0.0038509258146099917,0.5089954679985201,0.5096091564927858
betw_unw,0,top5_leakage,0.0,1.8257418583505536e-08,3.214,3.2082
betw_unw,0,top11_leakage,0.037333333333333336,0.003461192258724131,7.036333333333333,7.06945
betw_unw,1,gini_pool,0.06666666666666667,0.004554200340426488,0.7617685014527574,0.7552634129872323
betw_unw,1,gini_diff_out_minus_in,0.07166666666666667,0.004709230494661719,0.03708297835215224,0.018850864225532473
betw_unw,1,pool_share (OCG),0.07666666666666666,0.004857601907968199,0.6911668799179735,0.6421238499950589
betw_unw,1,pool_mean_rank,0.060333333333333336,0.004347153176590485,0.5135764890862005,0.5096091564927858
betw_unw,1,top5_leakage,0.0,1.8257418583505536e-08,3.516,3.2082
betw_unw,1,top11_leakage,0.05333333333333334,0.00410239315883176,7.288,7.06945
betw_unw,2,gini_pool,0.054,0.004126499727371856,0.7616707589914373,0.7552634129872323
betw_unw,2,gini_diff_out_minus_in,0.09733333333333333,0.005411701998310561,0.050546527168311615,0.018850864225532473
betw_unw,2,pool_share (OCG),0.131,0.006160059523521939,0.7477636688307954,0.6421238499950589
betw_unw,2,pool_mean_rank,0.09466666666666666,0.005344931832708093,0.5207500924898262,0.5096091564927858
betw_unw,2,top5_leakage,0.0,1.8257418583505536e-08,3.9233333333333333,3.2082
betw_unw,2,top11_leakage,0.078,0.004896120913539616,7.701,7.06945
betw_unw,3,gini_pool,0.04566666666666667,0.003811439895114978,0.7596969054667786,0.7552634129872323
betw_unw,3,gini_diff_out_minus_in,0.13266666666666665,0.006193174259409096,0.06684160425174937,0.018850864225532473
betw_unw,3,pool_share (OCG),0.202,0.00733021145670437,0.7906354102062885,0.6421238499950589
betw_unw,3,pool_mean_rank,0.12166666666666667,0.005968357922937958,0.525784221235664,0.5096091564927858
betw_unw,3,top5_leakage,0.0,1.8257418583505536e-08,4.243333333333333,3.2082
betw_unw,3,top11_leakage,0.10366666666666667,0.005565365782794181,7.956,7.06945
betw_unw,5,gini_pool,0.008333333333333333,0.0016597076940321838,0.7516500863113658,0.7552634129872323
betw_unw,5,gini_diff_out_minus_in,0.211,0.007449362388822281,0.09470806830819534,0.018850864225532473
betw_unw,5,pool_share (OCG),0.495,0.009128252844876724,0.8478844458498733,0.6421238499950589
betw_unw,5,pool_mean_rank,0.181,0.0070294380998768315,0.5350914724380318,0.5096091564927858
betw_unw,5,top5_leakage,0.0,1.8257418583505536e-08,5.0,3.2082
betw_unw,5,top11_leakage,0.20833333333333334,0.007414637675021744,8.584333333333333,7.06945
eig_unw,0,gini_pool,0.04533333333333334,0.0037981671993310238,0.47921921228067066,0.47984601197493937
eig_unw,0,gini_diff_out_minus_in,0.04766666666666667,0.0038899252587316535,0.010835761948594728,0.011818027854536126
eig_unw,0,pool_share (OCG),0.050333333333333334,0.003991653328671754,0.6401053034773966,0.6415761928488901
eig_unw,0,pool_mean_rank,0.048666666666666664,0.0039284527158591,0.5090417129115797,0.5094561736958935
eig_unw,0,top5_leakage,0.0,1.8257418583505536e-08,3.2026666666666666,3.21025
eig_unw,0,top11_leakage,0.037333333333333336,0.003461192258724131,7.018666666666666,7.05575
eig_unw,1,gini_pool,0.078,0.004896120913539616,0.4904832131461507,0.47984601197493937
eig_unw,1,gini_diff_out_minus_in,0.08066666666666666,0.004971906259358864,0.040635401875838584,0.011818027854536126
eig_unw,1,pool_share (OCG),0.08066666666666666,0.004971906259358864,0.6671631055658009,0.6415761928488901
eig_unw,1,pool_mean_rank,0.06433333333333334,0.0044793807442381865,0.514941731409545,0.5094561736958935
eig_unw,1,top5_leakage,0.0,1.8257418583505536e-08,3.554,3.21025
eig_unw,1,top11_leakage,0.058666666666666666,0.004290489050947024,7.388,7.05575
eig_unw,2,gini_pool,0.11666666666666667,0.005861045286623526,0.4959853240476442,0.47984601197493937
eig_unw,2,gini_diff_out_minus_in,0.126,0.006058712734566643,0.0608863379224077,0.011818027854536126
eig_unw,2,pool_share (OCG),0.11966666666666667,0.0059258348372628914,0.6860574546412062,0.6415761928488901
eig_unw,2,pool_mean_rank,0.08433333333333333,0.005073500508269158,0.5194842767295598,0.5094561736958935
eig_unw,2,top5_leakage,0.0,1.8257418583505536e-08,3.879,3.21025
eig_unw,2,top11_leakage,0.07133333333333333,0.004699109450696975,7.653666666666667,7.05575
eig_unw,3,gini_pool,0.11866666666666667,0.005904373771165714,0.4965782458383837,0.47984601197493937
eig_unw,3,gini_diff_out_minus_in,0.14433333333333334,0.006416157266937437,0.07055237277819758,0.011818027854536126
eig_unw,3,pool_share (OCG),0.18833333333333332,0.007138251160447469,0.7030176681265285,0.6415761928488901
eig_unw,3,pool_mean_rank,0.123,0.005996415596003999,0.5255959119496856,0.5094561736958935
eig_unw,3,top5_leakage,0.0,1.8257418583505536e-08,4.2683333333333335,3.21025
eig_unw,3,top11_leakage,0.10733333333333334,0.0056513387466714145,7.956333333333333,7.05575
eig_unw,5,gini_pool,0.114,0.0058024132910367565,0.49540575397701014,0.47984601197493937
eig_unw,5,gini_diff_out_minus_in,0.19766666666666666,0.00727082195159886,0.0870574961143105,0.011818027854536126
eig_unw,5,pool_share (OCG),0.363,0.008779350773263361,0.7287128310636252,0.6415761928488901
eig_unw,5,pool_mean_rank,0.19466666666666665,0.007228913139966836,0.5354024232334442,0.5094561736958935
eig_unw,5,top5_leakage,0.0,1.8257418583505536e-08,5.0,3.21025
eig_unw,5,top11_leakage,0.22,0.007563068160475615,8.615,7.05575
service_km,0,gini_pool,0.04533333333333334,0.0037981671993310238,0.6133737362406602,0.6129491110463561
service_km,0,gini_diff_out_minus_in,0.051666666666666666,0.004041337329079003,0.02498508818118932,0.023680550071368083
service_km,0,pool_share (OCG),0.050333333333333334,0.003991653328671754,0.6444246343906941,0.6415718414151743
service_km,0,pool_mean_rank,0.051666666666666666,0.004041337329079003,0.510243063263041,0.5095668978912319
service_km,0,top5_leakage,0.0,1.8257418583505536e-08,3.224,3.21435
service_km,0,top11_leakage,0.03866666666666667,0.0035200168349765774,7.089,7.05415
service_km,1,gini_pool,0.08,0.004953113498935123,0.6364786221798099,0.6129491110463561
service_km,1,gini_diff_out_minus_in,0.082,0.005009191551538033,0.08478432368452307,0.023680550071368083
service_km,1,pool_share (OCG),0.07833333333333334,0.004905684533349116,0.6987942624827311,0.6415718414151743
service_km,1,pool_mean_rank,0.06566666666666666,0.004522335515916363,0.5151083980762116,0.5095668978912319
service_km,1,top5_leakage,0.0,1.8257418583505536e-08,3.534666666666667,3.21435
service_km,1,top11_leakage,0.057,0.004232847741178509,7.344,7.05415
service_km,2,gini_pool,0.108,0.005666745097496446,0.6421098081923082,0.6129491110463561
service_km,2,gini_diff_out_minus_in,0.12266666666666666,0.00598942277562581,0.1180683061616,0.023680550071368083
service_km,2,pool_share (OCG),0.13333333333333333,0.006206328908341751,0.7341792048619615,0.6415718414151743
service_km,2,pool_mean_rank,0.08966666666666667,0.005216210487686617,0.5210338512763596,0.5095668978912319
service_km,2,top5_leakage,0.0,1.8257418583505536e-08,3.8863333333333334,3.21435
service_km,2,top11_leakage,0.07933333333333334,0.004934219139693587,7.679333333333333,7.05415
service_km,3,gini_pool,0.132,0.006179967637455717,0.6437780487895174,0.6129491110463561
service_km,3,gini_diff_out_minus_in,0.178,0.006983695296904068,0.14189813771524684,0.023680550071368083
service_km,3,pool_share (OCG),0.191,0.007176791297880504,0.7584296825795381,0.6415718414151743
service_km,3,pool_mean_rank,0.115,0.005824517147369385,0.5256550129485758,0.5095668978912319
service_km,3,top5_leakage,0.0,1.8257418583505536e-08,4.233333333333333,3.21435
service_km,3,top11_leakage,0.11266666666666666,0.005772720008479218,7.953,7.05415
service_km,5,gini_pool,0.08933333333333333,0.005207459037729402,0.6400749604902278,0.6129491110463561
service_km,5,gini_diff_out_minus_in,0.37333333333333335,0.008830922102769631,0.1756321735940929,0.023680550071368083
service_km,5,pool_share (OCG),0.42033333333333334,0.009012088589263908,0.7936812859649766,0.6415718414151743
service_km,5,pool_mean_rank,0.185,0.007089311203024828,0.535465778764336,0.5095668978912319
service_km,5,top5_leakage,0.0,1.8257418583505536e-08,5.0,3.21435
service_km,5,top11_leakage,0.225,0.0076239753409884535,8.635,7.05415
