scope,n_pool,indicator,statistic,observed,null_mean,effect,p_upper,is_primary,p_holm_family
manuscript line-tag (34),34,eff_loss_dist,gini_pool,0.8226211308833935,0.7946812590772375,0.02793987180615598,0.19864006799660017,False,0.39108044597770114
manuscript line-tag (34),34,eff_loss_dist,gini_diff_out_minus_in,0.08203747307142883,0.01728380928574657,0.06475366378568226,0.22593870306484676,True,0.4518774061296935
manuscript line-tag (34),34,eff_loss_dist,pool_share (OCG),0.3936983276958778,0.6399988762591045,-0.24630054856322664,0.9457027148642568,False,1.0
manuscript line-tag (34),34,eff_loss_dist,pool_mean_rank,0.4575471698113207,0.5093423834628191,-0.05179521365149842,0.9706014699265036,False,1.0
manuscript line-tag (34),34,eff_loss_dist,top5_leakage,2.0,3.19385,-1.1938499999999999,0.9477526123693816,False,1.0
manuscript line-tag (34),34,eff_loss_dist,top11_leakage,5.0,7.04095,-2.0409499999999996,0.9629018549072547,False,1.0
manuscript line-tag (34),34,betw_dist,gini_pool,0.8096960926193923,0.7578557578481766,0.051840334771215746,0.06619669016549172,False,0.19859007049647515
manuscript line-tag (34),34,betw_dist,gini_diff_out_minus_in,0.13375077360941523,0.016858973584170413,0.11689180002524482,0.11004449777511124,True,0.3301334933253337
manuscript line-tag (34),34,betw_dist,pool_share (OCG),0.4408645027514156,0.6402165922322355,-0.1993520894808199,0.9230038498075096,False,1.0
manuscript line-tag (34),34,betw_dist,pool_mean_rank,0.45477247502774687,0.5093488623751388,-0.0545763873473919,0.9754512274386281,False,1.0
manuscript line-tag (34),34,betw_dist,top5_leakage,3.0,3.19325,-0.19324999999999992,0.7584620768961552,False,1.0
manuscript line-tag (34),34,betw_dist,top11_leakage,5.0,7.0504,-2.0504,0.9626018699065046,False,1.0
manuscript line-tag (34),34,betw_unw,gini_pool,0.7874493172570964,0.7551555955460646,0.03229372171103184,0.13109344532773362,False,
manuscript line-tag (34),34,betw_unw,gini_diff_out_minus_in,0.07882473703711201,0.018889446734050026,0.05993529030306199,0.22573871306434679,True,
manuscript line-tag (34),34,betw_unw,pool_share (OCG),0.5392277473535886,0.6399022749393384,-0.1006745275857498,0.7782110894455277,False,
manuscript line-tag (34),34,betw_unw,pool_mean_rank,0.4667036625971144,0.5092900527192009,-0.04258639012208654,0.928153592320384,False,
manuscript line-tag (34),34,betw_unw,top5_leakage,3.0,3.19325,-0.19324999999999992,0.7584620768961552,False,
manuscript line-tag (34),34,betw_unw,top11_leakage,5.0,7.05185,-2.05185,0.9635518224088796,False,
manuscript line-tag (34),34,eig_unw,gini_pool,0.5130676169545716,0.47961352221787773,0.03345409473669386,0.1255437228138593,False,
manuscript line-tag (34),34,eig_unw,gini_diff_out_minus_in,0.10953094283357045,0.01137487828928759,0.09815606454428287,0.11324433778311084,True,
manuscript line-tag (34),34,eig_unw,pool_share (OCG),0.5135858202234639,0.6411677581031081,-0.12758193787964422,0.9733513324333783,False,
manuscript line-tag (34),34,eig_unw,pool_mean_rank,0.43729189789123196,0.5093710321864595,-0.07207913429522755,0.9928003599820009,False,
manuscript line-tag (34),34,eig_unw,top5_leakage,2.0,3.19685,-1.19685,0.9498025098745063,False,
manuscript line-tag (34),34,eig_unw,top11_leakage,5.0,7.0583,-2.0583,0.9636018199090045,False,
manuscript line-tag (34),34,service_km,gini_pool,0.646795356505746,0.6126779861557988,0.03411737034994722,0.19554022298885057,False,0.39108044597770114
manuscript line-tag (34),34,service_km,gini_diff_out_minus_in,0.08301300754695884,0.02319554938099123,0.059817458165967605,0.31373431328433576,True,0.4518774061296935
manuscript line-tag (34),34,service_km,pool_share (OCG),0.6186408866289259,0.640537924537893,-0.021897037908967132,0.5936203189840508,False,1.0
manuscript line-tag (34),34,service_km,pool_mean_rank,0.48335183129855713,0.5092926748057713,-0.025940843507214206,0.8050597470126494,False,1.0
manuscript line-tag (34),34,service_km,top5_leakage,2.0,3.19765,-1.1976499999999999,0.9493025348732563,False,1.0
manuscript line-tag (34),34,service_km,top11_leakage,6.0,7.05945,-1.05945,0.8668066596670166,False,1.0
branch->trunk tags,32,eff_loss_dist,gini_pool,0.7928316205601482,0.7935477724323756,-0.0007161518722273996,0.5259737013149343,False,0.9923503824808759
branch->trunk tags,32,eff_loss_dist,gini_diff_out_minus_in,0.05817872633058796,0.012864084474793293,0.04531464185579467,0.3014349282535873,True,0.6028698565071746
branch->trunk tags,32,eff_loss_dist,pool_share (OCG),0.25960792873206234,0.6030656149073064,-0.343457686175244,0.9937503124843757,False,1.0
branch->trunk tags,32,eff_loss_dist,pool_mean_rank,0.44693396226415094,0.5091602889150944,-0.06222632665094341,0.9805009749512524,False,1.0
branch->trunk tags,32,eff_loss_dist,top5_leakage,1.0,3.01205,-2.01205,0.9928503574821259,False,1.0
branch->trunk tags,32,eff_loss_dist,top11_leakage,4.0,6.6366,-2.6365999999999996,0.9855507224638768,False,1.0
branch->trunk tags,32,betw_dist,gini_pool,0.7982618343195269,0.75704142266714,0.04122041165238688,0.14034298285085745,False,0.42102894855257234
branch->trunk tags,32,betw_dist,gini_diff_out_minus_in,0.11342998574843466,0.012877477571687052,0.1005525081767476,0.14459277036148194,True,0.4337783110844458
branch->trunk tags,32,betw_dist,pool_share (OCG),0.323470771193875,0.6030251774463674,-0.2795544062524924,0.9843507824608769,False,1.0
branch->trunk tags,32,betw_dist,pool_mean_rank,0.44398584905660377,0.5091012824292452,-0.06511543337264147,0.9852007399630018,False,1.0
branch->trunk tags,32,betw_dist,top5_leakage,2.0,3.01455,-1.0145499999999998,0.9269536523173841,False,1.0
branch->trunk tags,32,betw_dist,top11_leakage,4.0,6.63295,-2.63295,0.9853007349632519,False,1.0
branch->trunk tags,32,betw_unw,gini_pool,0.7708999513318553,0.7541742224755446,0.01672572885631074,0.30843457827108645,False,
branch->trunk tags,32,betw_unw,gini_diff_out_minus_in,0.05515216589430749,0.014162669900416675,0.04098949599389082,0.29338533073346335,True,
branch->trunk tags,32,betw_unw,pool_share (OCG),0.4073933244861912,0.6034771704526407,-0.1960838459664495,0.9256037198140094,False,
branch->trunk tags,32,betw_unw,pool_mean_rank,0.4596108490566038,0.5092069722877359,-0.049596123231132105,0.9414029298535074,False,
branch->trunk tags,32,betw_unw,top5_leakage,2.0,3.01455,-1.0145499999999998,0.9269536523173841,False,
branch->trunk tags,32,betw_unw,top11_leakage,4.0,6.63045,-2.6304499999999997,0.984700764961752,False,
branch->trunk tags,32,eig_unw,gini_pool,0.5117071067110066,0.4786815063223798,0.033025600388626786,0.14774261286935653,False,
branch->trunk tags,32,eig_unw,gini_diff_out_minus_in,0.09881314467501023,0.007907850534785337,0.0909052941402249,0.1273436328183591,True,
branch->trunk tags,32,eig_unw,pool_share (OCG),0.4800439858202851,0.6039583549004292,-0.12391436908014403,0.9703514824258787,False,
branch->trunk tags,32,eig_unw,pool_mean_rank,0.4345518867924528,0.5095771226415095,-0.07502523584905663,0.9895005249737513,False,
branch->trunk tags,32,eig_unw,top5_leakage,2.0,3.0131,-1.0131000000000001,0.9259037048147593,False,
branch->trunk tags,32,eig_unw,top11_leakage,5.0,6.6425,-1.6425,0.9313034348282586,False,
branch->trunk tags,32,service_km,gini_pool,0.6215799607555941,0.6115169218984089,0.01006303885718518,0.49617519124043796,False,0.9923503824808759
branch->trunk tags,32,service_km,gini_diff_out_minus_in,0.0306187891148344,0.017755448391932306,0.012863340722902093,0.46772661366931656,True,0.6028698565071746
branch->trunk tags,32,service_km,pool_share (OCG),0.5030232714676853,0.603804148315562,-0.10078087684787662,0.8065596720163992,False,1.0
branch->trunk tags,32,service_km,pool_mean_rank,0.4681603773584906,0.509175766509434,-0.04101538915094338,0.8976051197440128,False,1.0
branch->trunk tags,32,service_km,top5_leakage,1.0,3.0207,-2.0207,0.9929003549822509,False,1.0
branch->trunk tags,32,service_km,top11_leakage,5.0,6.64345,-1.6434499999999996,0.9310034498275086,False,1.0
"original four, service share",15,eff_loss_dist,gini_pool,0.6776351420716764,0.766806074833317,-0.08917093276164056,0.8997050147492626,False,1.0
"original four, service share",15,eff_loss_dist,gini_diff_out_minus_in,-0.14418261864804616,-0.030499936770386364,-0.11368268187765979,0.8856557172141393,True,1.0
"original four, service share",15,eff_loss_dist,pool_share (OCG),0.19594219263251492,0.2846980366926005,-0.0887558440600856,0.6973651317434129,False,1.0
"original four, service share",15,eff_loss_dist,pool_mean_rank,0.5666666666666667,0.5102097798742138,0.056456886792452865,0.17264136793160342,False,0.34528273586320685
"original four, service share",15,eff_loss_dist,top5_leakage,1.0,1.4296,-0.4296,0.8260586970651468,False,1.0
"original four, service share",15,eff_loss_dist,top11_leakage,2.0,3.1297,-1.1297000000000001,0.8922553872306385,False,1.0
"original four, service share",15,betw_dist,gini_pool,0.5792630676949444,0.73056714279213,-0.15130407509718558,0.976451177441128,False,1.0
"original four, service share",15,betw_dist,gini_diff_out_minus_in,-0.22950290685743324,-0.02998211048586661,-0.19952079637156664,0.9738513074346282,True,1.0
"original four, service share",15,betw_dist,pool_share (OCG),0.24818566073849585,0.28443418135417503,-0.03624852061567918,0.5570221488925554,False,1.0
"original four, service share",15,betw_dist,pool_mean_rank,0.5849056603773585,0.5101346226415094,0.07477103773584903,0.10649467526623668,False,0.31948402579871005
"original four, service share",15,betw_dist,top5_leakage,0.0,1.42625,-1.42625,1.0,False,1.0
"original four, service share",15,betw_dist,top11_leakage,4.0,3.12795,0.8720500000000002,0.37623118844057796,False,1.0
"original four, service share",15,betw_unw,gini_pool,0.5222518726013197,0.7237755869993608,-0.20152371439804118,0.9910004499775011,False,
"original four, service share",15,betw_unw,gini_diff_out_minus_in,-0.2690429857073373,-0.034198971224089734,-0.23484401448324757,0.9899505024748763,True,
"original four, service share",15,betw_unw,pool_share (OCG),0.17679802252480573,0.2841715007141244,-0.10737347818931867,0.7888605569721514,False,
"original four, service share",15,betw_unw,pool_mean_rank,0.5345911949685535,0.5100303773584907,0.02456081761006279,0.3488325583720814,False,
"original four, service share",15,betw_unw,top5_leakage,0.0,1.42625,-1.42625,1.0,False,
"original four, service share",15,betw_unw,top11_leakage,3.0,3.12265,-0.12265000000000015,0.6658167091645417,False,
"original four, service share",15,eig_unw,gini_pool,0.5037242096995946,0.4608594718591442,0.04286473784045042,0.2524873756312184,False,
"original four, service share",15,eig_unw,gini_diff_out_minus_in,0.07592590926742093,-0.020396457092175687,0.09632236635959662,0.1328433578321084,True,
"original four, service share",15,eig_unw,pool_share (OCG),0.1157213987848981,0.282973834990867,-0.16725243620596889,0.9998000099995,False,
"original four, service share",15,eig_unw,pool_mean_rank,0.2855345911949686,0.5092567295597484,-0.22372213836477983,0.9996500174991251,False,
"original four, service share",15,eig_unw,top5_leakage,0.0,1.41905,-1.41905,1.0,False,
"original four, service share",15,eig_unw,top11_leakage,0.0,3.1106,-3.1106,1.0,False,
"original four, service share",15,service_km,gini_pool,0.3858229509717839,0.5740701704253037,-0.18824721945351985,0.976201189940503,False,1.0
"original four, service share",15,service_km,gini_diff_out_minus_in,-0.252371653487216,-0.04235419140999711,-0.2100174620772189,0.9735013249337533,True,1.0
"original four, service share",15,service_km,pool_share (OCG),0.13645680795376372,0.28317339511332973,-0.146716587159566,0.9571021448927554,False,1.0
"original four, service share",15,service_km,pool_mean_rank,0.4591194968553459,0.5100159119496855,-0.05089641509433962,0.7881605919704014,False,0.7881605919704014
"original four, service share",15,service_km,top5_leakage,0.0,1.416,-1.416,1.0,False,1.0
"original four, service share",15,service_km,top11_leakage,1.0,3.11405,-2.11405,0.983800809959502,False,1.0
