main_line_kor,trains,train_days,train_km_week,share_km,line_en
경부선,58,343.0,121093.3,0.33821231356446074,Gyeongbu
경전선,8,46.0,12939.6,0.03614016673588626,Gyeongjeon
대구선,1,6.0,2866.2,0.008005266460972302,Daegu
영동선,6,40.0,6090.700000000001,0.017011261054303263,Yeongdong
장항선,9,57.0,14946.2,0.041744579435832894,Janghang
전라선,19,119.0,32196.9,0.08992560313909677,Jeolla
중앙선,54,354.0,80158.5,0.22388184760723198,Jungang
충북선,49,326.0,70897.3,0.19801541339177017,Chungbuk
태백선,11,71.0,14897.6,0.04160884014687774,Taebaek
호남선,2,10.0,1953.0,0.005454708463568107,Honam
