deg,betw_unw,betw_dist,close_unw,close_dist,eig_unw,topo,eff_loss_hop,eff_loss_dist,overload_a02,overload_a05,overload_a08,topo_alpha_inf,overload_extra_a05,service_days,service_km,wagon_flow,station_kor,station
0.019230769230769232,0.0,0.0,0.24644549763033174,0.0007657723329401386,0.014091267147889164,0.018867924528301886,0.0,0.0,0.018867924528301886,0.018867924528301886,0.018867924528301886,0.018867924528301886,0.0,12.0,4870.8,403.0,가야,Gaya
0.07692307692307693,0.04617849470790647,0.0392156862745098,0.325,0.001096380258408393,0.08511637668791369,0.03773584905660377,0.028578722713857196,0.017432230036963148,0.22641509433962265,0.05660377358490566,0.05660377358490566,0.03773584905660377,0.01886792452830189,32.0,13101.300000000001,115822.0,의왕,Uiwang
0.038461538461538464,0.0023930318047965106,0.0,0.33548387096774196,0.001481912122611129,0.11631587729605261,0.018867924528301886,0.0,0.0,0.018867924528301886,0.018867924528301886,0.018867924528301886,0.018867924528301886,0.0,14.0,2893.8,338.0,가천,Gacheon
0.3269230769230769,0.3703785279577135,0.5147058823529412,0.48148148148148145,0.0020873474630700066,0.4546137022449514,0.05660377358490566,0.12686973441043703,0.22628396454232236,1.0,1.0,0.37735849056603776,0.05660377358490566,0.9433962264150944,317.0,59455.5,142.0,제천조차장,JecheonYard
0.038461538461538464,0.0,0.0,0.3333333333333333,0.0013736336307778464,0.09828602124201362,0.018867924528301886,0.0,0.0,0.018867924528301886,0.018867924528301886,0.018867924528301886,0.018867924528301886,0.0,14.0,4349.1,0.0,간치,Ganchi
0.057692307692307696,0.038838612368024134,0.0392156862745098,0.23853211009174313,0.000805483483716067,0.00968504554791495,0.03773584905660377,0.020629191521706725,0.015431192491076384,1.0,0.03773584905660377,0.03773584905660377,0.03773584905660377,0.0,48.0,14315.400000000001,6269.0,광양,Gwangyang
0.019230769230769232,0.0,0.0,0.19330855018587362,0.0006603107523987057,0.001603387849268302,0.018867924528301886,0.0,0.0,0.018867924528301886,0.018867924528301886,0.018867924528301886,0.018867924528301886,0.0,24.0,7026.6,6058.0,신례원,Sillyewon
0.038461538461538464,0.03695324283559578,0.07390648567119155,0.30409356725146197,0.0010368479821343116,0.02844890420980751,0.018867924528301886,0.0,3.5723667004328163e-05,1.0,0.018867924528301886,0.018867924528301886,0.018867924528301886,0.0,28.0,9047.8,57.0,천안,Cheonan
0.057692307692307696,0.004447149130407049,0.0,0.33986928104575165,0.0016542597187758478,0.15107598717272558,0.018867924528301886,0.0,0.0,0.018867924528301886,0.018867924528301886,0.018867924528301886,0.018867924528301886,0.0,55.0,8673.2,0.0,광운대,Gwangwoondae
0.15384615384615385,0.06779934494866625,0.060520361990950226,0.3851851851851852,0.0016726442253566431,0.24797648519599935,0.03773584905660377,0.030894813723862158,0.03973922845219957,0.18867924528301888,0.1509433962264151,0.11320754716981132,0.03773584905660377,0.11320754716981132,175.0,36153.100000000006,1451.0,도담,Dodam
0.11538461538461539,0.023942397471809238,0.0,0.37142857142857144,0.0016313111349533507,0.2099637012714902,0.018867924528301886,0.0,0.0,0.09433962264150944,0.07547169811320754,0.07547169811320754,0.018867924528301886,0.05660377358490566,108.0,21482.2,284.0,입석리,Ipseokri
0.17307692307692307,0.1547117538067764,0.16591251885369532,0.43333333333333335,0.0017323458961725148,0.27627528455814165,0.05660377358490566,0.07518375106114883,0.06185316712810596,1.0,0.33962264150943394,0.07547169811320754,0.05660377358490566,0.2830188679245283,105.0,31500.0,983.0,괴동,Goedong
0.038461538461538464,0.015560583207642031,0.04600301659125189,0.3586206896551724,0.0014070291931499324,0.07258370438682395,0.018867924528301886,0.0,0.004408417197271697,0.018867924528301886,0.018867924528301886,0.018867924528301886,0.018867924528301886,0.0,13.0,3256.2000000000003,131.0,순천,Suncheon
0.23076923076923078,0.33633672762632033,0.18250377073906487,0.5,0.0018762470728741578,0.37855037394437846,0.03773584905660377,0.06888079962015603,0.031579194237576935,1.0,1.0,0.24528301886792453,0.03773584905660377,0.9622641509433962,368.0,123659.5,0.0,오봉,Obong
0.019230769230769232,0.0,0.0,0.30409356725146197,0.0012068213254611449,0.0457381880262847,0.018867924528301886,0.0,0.0,0.018867924528301886,0.018867924528301886,0.018867924528301886,0.018867924528301886,0.0,21.0,5382.3,20.0,제천,Jecheon
0.038461538461538464,0.002513826043237808,0.00904977375565611,0.2857142857142857,0.0012508328863209397,0.03638024956490531,0.018867924528301886,0.0,0.002244408660967423,0.018867924528301886,0.018867924528301886,0.018867924528301886,0.018867924528301886,0.0,20.0,3833.6,0.0,군산,Gunsan
0.07692307692307693,0.033535092358621774,0.013574660633484163,0.36363636363636365,0.0012657488364847234,0.12852244342422214,0.018867924528301886,0.0018765902546561408,0.001709695681803014,0.03773584905660377,0.03773584905660377,0.03773584905660377,0.018867924528301886,0.018867924528301886,49.0,16096.5,11782.0,태금,Taegum
0.019230769230769232,0.0,0.0,0.23214285714285715,0.0008896066569950455,0.0045695968953961795,0.018867924528301886,0.0,0.0,0.018867924528301886,0.018867924528301886,0.018867924528301886,0.018867924528301886,0.0,14.0,4166.400000000001,173.0,나주,Naju
0.038461538461538464,0.038461538461538464,0.038461538461538464,0.30057803468208094,0.0012016120087255517,0.027602026601186394,0.03773584905660377,0.024554096188415975,0.020630092199345418,0.03773584905660377,0.03773584905660377,0.03773584905660377,0.03773584905660377,0.0,20.0,5236.200000000001,4912.0,흥국사,Heungguksa
0.07692307692307693,0.008487289482764594,0.0,0.38235294117647056,0.0016291492394692733,0.20125670980238913,0.018867924528301886,0.0,0.0,0.018867924528301886,0.018867924528301886,0.018867924528301886,0.018867924528301886,0.0,109.0,20093.100000000002,597.0,대전조차장,DaejeonYard
0.19230769230769232,0.22766739293888608,0.1847662141779789,0.46846846846846846,0.0018228984084694665,0.30310980871993265,0.07547169811320754,0.1113389055354046,0.10702878930720539,1.0,0.22641509433962265,0.1320754716981132,0.07547169811320754,0.15094339622641512,151.0,43857.6,194.0,동해,Donghae
0.057692307692307696,0.004447149130407049,0.04524886877828054,0.33986928104575165,0.00170260137845227,0.15107598717272558,0.018867924528301886,0.0,0.003767360372420425,0.018867924528301886,0.018867924528301886,0.018867924528301886,0.018867924528301886,0.0,38.0,5089.2,2.0,덕소,Deokso
0.019230769230769232,0.0,0.0,0.27956989247311825,0.0014591289561335329,0.04105323834570127,0.018867924528301886,0.0,0.0,0.018867924528301886,0.018867924528301886,0.018867924528301886,0.018867924528301886,0.0,10.0,892.0,0.0,무릉,Mureung
0.07692307692307693,0.019591029885147535,0.0,0.3880597014925373,0.0013939934964841876,0.18226466826946844,0.018867924528301886,0.0005039754060002233,0.0,0.03773584905660377,0.018867924528301886,0.018867924528301886,0.018867924528301886,0.0,97.0,25731.800000000003,113.0,수색,Susaek
0.019230769230769232,0.0,0.0,0.32098765432098764,0.0012787723785166241,0.050180722629663554,0.018867924528301886,0.0,0.0,0.018867924528301886,0.018867924528301886,0.018867924528301886,0.018867924528301886,0.0,10.0,2395.0,158.0,도안,Doan
0.057692307692307696,0.08498348057171587,0.14102564102564102,0.35374149659863946,0.0016029543682047837,0.09298597627015563,0.05660377358490566,0.04912598743449992,0.06564557494659562,1.0,0.05660377358490566,0.05660377358490566,0.05660377358490566,0.0,32.0,6335.200000000001,2490.0,동산,Dongsan
0.07692307692307693,0.05843209078503197,0.10784313725490197,0.36363636363636365,0.0015213842255861717,0.09122749059293583,0.018867924528301886,0.0031965775564842813,0.0199161954283541,1.0,0.05660377358490566,0.03773584905660377,0.018867924528301886,0.03773584905660378,46.0,10292.399999999998,31482.0,신광양항,ShingwangyangPort
0.17307692307692307,0.2954840910723263,0.277526395173454,0.41935483870967744,0.001505566252153394,0.16215667895186361,0.1320754716981132,0.15931774439322177,0.12706176969734662,1.0,0.32075471698113206,0.22641509433962265,0.1320754716981132,0.18867924528301885,217.0,77920.5,725.0,부산신항,BusanNewPort
0.09615384615384616,0.06646915176326941,0.07013574660633484,0.37142857142857144,0.0013493875856342122,0.13264617299726764,0.03773584905660377,0.029438068087820346,0.024274807183325864,0.07547169811320754,0.07547169811320754,0.07547169811320754,0.03773584905660377,0.03773584905660377,104.0,37481.6,54497.0,부산진,Busanjin
0.019230769230769232,0.0,0.0,0.32098765432098764,0.0016180826964725798,0.050180722629663554,0.018867924528301886,0.0,0.0,0.018867924528301886,0.018867924528301886,0.018867924528301886,0.018867924528301886,0.0,6.0,424.79999999999995,19.0,석포,Seokpo
0.019230769230769232,0.0,0.0,0.32098765432098764,0.001301294788314373,0.050180722629663554,0.018867924528301886,0.0,0.0,0.018867924528301886,0.018867924528301886,0.018867924528301886,0.018867924528301886,0.0,6.0,1345.1999999999998,12.0,음성,Eumseong
0.019230769230769232,0.0,0.0,0.2810810810810811,0.0012867465109373452,0.02795576281478254,0.018867924528301886,0.0,0.0,0.018867924528301886,0.018867924528301886,0.018867924528301886,0.018867924528301886,0.0,14.0,3731.0,20.0,마산,Masan
0.09615384615384616,0.059285159285159296,0.08597285067873303,0.3880597014925373,0.001938815458324789,0.16886297118406718,0.03773584905660377,0.030398451254632697,0.04123042944706623,0.1320754716981132,0.05660377358490566,0.05660377358490566,0.03773584905660377,0.01886792452830189,40.0,7235.700000000001,5854.0,영주,Yeongju
0.019230769230769232,0.0,0.0,0.24299065420560748,0.0010756736406174366,0.0071403997786496694,0.018867924528301886,0.0,0.0,0.018867924528301886,0.018867924528301886,0.018867924528301886,0.018867924528301886,0.0,10.0,1953.0,8.0,목포,Mokpo
0.057692307692307696,0.048522229404582354,0.07918552036199096,0.31901840490797545,0.0013548193791279653,0.04313061067420626,0.03773584905660377,0.02593648276338323,0.0301028597937123,1.0,0.03773584905660377,0.03773584905660377,0.03773584905660377,0.0,46.0,10955.0,55.0,황등,Hwangdeung
0.019230769230769232,0.0,0.0,0.27225130890052357,0.000993374953196757,0.021959965080551137,0.018867924528301886,0.0,0.0,0.018867924528301886,0.018867924528301886,0.018867924528301886,0.018867924528301886,0.0,12.0,3249.6000000000004,0.0,문수,Munsu
0.038461538461538464,0.0035444947209653096,0.0,0.30409356725146197,0.0010815825216264506,0.04880548144109034,0.018867924528301886,0.0,0.0,0.018867924528301886,0.018867924528301886,0.018867924528301886,0.018867924528301886,0.0,24.0,7174.799999999999,7273.0,부강화물,BugangCargo
0.038461538461538464,0.03695324283559578,0.0,0.30409356725146197,0.0009970758832270744,0.02844890420980751,0.018867924528301886,0.0,0.0,1.0,0.018867924528301886,0.018867924528301886,0.018867924528301886,0.0,34.0,12168.6,26236.0,삽교,Sapgyo
0.038461538461538464,0.0035444947209653096,0.025641025641025644,0.30409356725146197,0.0012904794875803758,0.04880548144109034,0.018867924528301886,0.0,0.004111971832005623,0.018867924528301886,0.018867924528301886,0.018867924528301886,0.018867924528301886,0.0,22.0,3211.6000000000004,13469.0,약목,Yakmok
0.019230769230769232,0.0,0.0,0.30409356725146197,0.0011406660612362188,0.0457381880262847,0.018867924528301886,0.0,0.0,0.018867924528301886,0.018867924528301886,0.018867924528301886,0.018867924528301886,0.0,7.0,2137.1,0.0,석항,Seokhang
0.019230769230769232,0.0,0.0,0.3270440251572327,0.001393343569049552,0.07526263895035135,0.018867924528301886,0.0,0.0,0.018867924528301886,0.018867924528301886,0.018867924528301886,0.018867924528301886,0.0,10.0,2433.0,5.0,신동,Shindong
0.057692307692307696,0.04353408029878618,0.038461538461538464,0.3443708609271523,0.001564596785355374,0.07948721868837234,0.03773584905660377,0.027262378919384656,0.03248238326528308,0.05660377358490566,0.05660377358490566,0.05660377358490566,0.03773584905660377,0.01886792452830189,56.0,9046.8,0.0,쌍룡,Ssangryong
0.038461538461538464,0.009888477535536361,0.042232277526395176,0.33548387096774196,0.001732940533479078,0.08842198239241766,0.018867924528301886,0.0,0.013349662196239565,0.018867924528301886,0.018867924528301886,0.018867924528301886,0.018867924528301886,0.0,28.0,3323.6000000000004,80.0,청주,Cheongju
0.019230769230769232,0.0,0.0,0.25742574257425743,0.001287912937085453,0.01315934344206631,0.018867924528301886,0.0,0.0,0.018867924528301886,0.018867924528301886,0.018867924528301886,0.018867924528301886,0.0,28.0,3920.0,19.0,팔당,Paldang
0.038461538461538464,0.0,0.0,0.38235294117647056,0.001523073092863524,0.13793276960854498,0.018867924528301886,0.0,0.0,0.018867924528301886,0.018867924528301886,0.018867924528301886,0.018867924528301886,0.0,13.0,3854.7000000000003,0.0,옥계,Okgye
0.019230769230769232,0.0,0.0,0.33548387096774196,0.0010639429726566655,0.06267013065819371,0.018867924528301886,0.0,0.0,0.018867924528301886,0.018867924528301886,0.018867924528301886,0.018867924528301886,0.0,7.0,2904.2999999999997,0.0,태화강,Taehwagang
0.07692307692307693,0.014215196568137746,0.006033182503770739,0.31901840490797545,0.001383530663828655,0.09524486553990444,0.018867924528301886,0.002036023793345887,9.511710426146625e-05,0.018867924528301886,0.018867924528301886,0.018867924528301886,0.018867924528301886,0.0,33.0,11617.5,2310.0,온산,Onsan
0.09615384615384616,0.04426619132501485,0.038461538461538464,0.3466666666666667,0.0017469420116037265,0.13906959957540208,0.03773584905660377,0.02884497978122058,0.03162135757883078,0.1320754716981132,0.07547169811320754,0.05660377358490566,0.03773584905660377,0.03773584905660377,48.0,10877.000000000002,707.0,철암,Cheoram
0.019230769230769232,0.0,0.0,0.21052631578947367,0.001057389833196754,0.002620357244770779,0.018867924528301886,0.0,0.0,0.018867924528301886,0.018867924528301886,0.018867924528301886,0.018867924528301886,0.0,6.0,1056.0,67.0,익산,Iksan
0.038461538461538464,0.038461538461538464,0.038461538461538464,0.2653061224489796,0.0012934776390053158,0.015827910432896962,0.03773584905660377,0.022207610050545945,0.02554731191587345,1.0,0.03773584905660377,0.03773584905660377,0.03773584905660377,0.0,12.0,2006.4,73.0,적량,Jeokryang
0.038461538461538464,0.001500196635943242,0.0,0.33121019108280253,0.0015090046953261484,0.11002274882702433,0.018867924528301886,0.0,0.0,0.018867924528301886,0.018867924528301886,0.018867924528301886,0.018867924528301886,0.0,19.0,4241.4,0.0,인천,Incheon
0.019230769230769232,0.0,0.0,0.3270440251572327,0.0015498608105772038,0.07526263895035135,0.018867924528301886,0.0,0.0,0.018867924528301886,0.018867924528301886,0.018867924528301886,0.018867924528301886,0.0,5.0,847.0,44.0,흑석리,Heukseokri
0.019230769230769232,0.0,0.0,0.25870646766169153,0.0012175106122439424,0.02302338229166225,0.018867924528301886,0.0,0.0,0.018867924528301886,0.018867924528301886,0.018867924528301886,0.018867924528301886,0.0,7.0,1776.6000000000001,0.0,경주,Gyeongju
