indicator,n_pool,n_zero,gini_pool,gini_inscope,gini_all53,top3_share,n_for_80pct,null_randompool_mean,effect_vs_randompool,p_randompool,p_randompool_mcse,null_dirichlet_mean,p_dirichlet,null_bootstrap_mean,p_bootstrap,p_randompool_holm
eff_loss_dist,8,4,0.7265850441196531,0.7975465038314897,0.8030852210460067,0.9569928545099746,2,0.7294692273536492,-0.002884183233996085,0.5576884623075385,0.007023845689030927,0.43861798108755645,0.0013997200559888023,0.7240157763705144,0.5458908218356329,1.0
eff_loss_hop,8,6,0.7642467904823615,0.8005205739507315,0.8090031375170974,1.0,2,0.7471282822506833,0.017118508231678264,0.4423115376924615,0.007023845689030927,0.43748094757212147,0.0003999200159968006,0.742819125647073,0.43071385722855426,
topo,8,0,0.1499999999999999,0.2743961352657005,0.26032959159302593,0.49999999999999994,7,0.21280294973537808,-0.06280294973537817,0.8158368326334733,0.005481735038326011,0.4387958458923799,0.9992001599680064,0.20749924140078882,0.8034393121375725,
betw_dist,8,4,0.656521739130435,0.7672031442751817,0.7662583306122634,0.9478260869565218,3,0.6961821555079302,-0.03966041637749518,0.6672665466906619,0.006663661191239852,0.4377184320083038,0.007198560287942412,0.6890291511063283,0.6316736652669466,1.0
betw_unw,8,4,0.6912349495052708,0.7545074420130851,0.7634778392333179,0.9761576321122635,2,0.6785936258561622,0.012641323649108527,0.4923015396920616,0.007070229610258596,0.4351957626625626,0.002599480103979204,0.6711596906432957,0.47170565886822635,
close_dist,8,0,0.14307759101688067,0.11617714839458615,0.12471250316343396,0.470308085087272,6,0.1118386173964696,0.031238973620411073,0.15336932613477305,0.00509602150575797,0.43798206348066404,0.9996000799840032,0.10977291456368027,0.14857028594281144,
eig_unw,8,0,0.38797029990715926,0.4569992129358922,0.4851410273362249,0.6324168861099358,5,0.43213027164535067,-0.04415997173819142,0.6862627474505099,0.00656210620017975,0.43812498168147285,0.6930613877224555,0.4223090320592574,0.642871425714857,
deg,8,0,0.24999999999999978,0.4500703234880452,0.44690653795524327,0.5714285714285714,6,0.3805858170460334,-0.13058581704603361,0.9248150369926015,0.0037291335279116683,0.43843541930325475,0.974005198960208,0.3696654401380825,0.8892221555688862,
service_km,8,0,0.4484168608504908,0.6230777046935119,0.6240671039648549,0.7356662726044777,4,0.5200494778022176,-0.07163261695172674,0.7320535892821436,0.006263403734412691,0.43914027468538913,0.46490701859628075,0.5069862667150044,0.6872625474905019,1.0
overload_a05,8,0,0.1499999999999999,0.6932932932932931,0.6811971372804164,0.49999999999999994,7,0.4702393220067108,-0.3202393220067109,0.9496100779844031,0.0030935668014400123,0.43746200187668854,0.9992001599680064,0.4575725011109349,0.9398120375924816,
