station_kor,station,q_uncovered_share,v_structural_pct,DIBI,naive_rank,DIBI_rank,in_reference_pool,invariant_blind_spot
제천조차장,JecheonYard,0.7,1.0,0.7,1,1,False,False
동해,Donghae,0.6666666666666666,0.9622641509433962,0.6415094339622641,3,2,False,False
도담,Dodam,0.6666666666666666,0.8867924528301887,0.5911949685534591,7,3,False,False
부산신항,BusanNewPort,0.6,0.9811320754716981,0.5886792452830188,2,4,False,False
동산,Dongsan,0.6,0.9433962264150944,0.5660377358490566,4,5,False,False
철암,Cheoram,0.6666666666666666,0.8490566037735849,0.5660377358490566,9,6,False,False
괴동,Goedong,0.6,0.9245283018867925,0.5547169811320755,5,7,False,False
오봉,Obong,0.6666666666666666,0.8301886792452831,0.5534591194968553,10,8,False,False
영주,Yeongju,0.6,0.9056603773584906,0.5433962264150943,6,9,False,False
황등,Hwangdeung,0.6666666666666666,0.8113207547169812,0.5408805031446541,11,10,True,False
적량,Jeokryang,0.6,0.7924528301886793,0.47547169811320755,12,11,False,False
부산진,Busanjin,0.6,0.7735849056603774,0.4641509433962264,13,12,False,False
흥국사,Heungguksa,0.6,0.7547169811320755,0.4528301886792453,14,13,False,False
신광양항,ShingwangyangPort,0.6,0.7358490566037735,0.4415094339622641,15,14,False,False
의왕,Uiwang,0.6,0.7169811320754716,0.430188679245283,16,15,False,False
광양,Gwangyang,0.6,0.6981132075471698,0.41886792452830185,17,16,True,False
청주,Cheongju,0.6,0.6792452830188679,0.4075471698113207,18,17,False,False
순천,Suncheon,0.6,0.660377358490566,0.3962264150943396,19,18,True,False
태금,Taegum,0.6666666666666666,0.5849056603773585,0.38993710691823896,23,19,False,False
약목,Yakmok,0.6,0.6415094339622641,0.38490566037735846,20,20,False,False
덕소,Deokso,0.6,0.6226415094339622,0.37358490566037733,21,21,False,False
천안,Cheonan,0.6666666666666666,0.5471698113207547,0.36477987421383645,25,22,False,False
군산,Gunsan,0.6,0.6037735849056604,0.3622641509433962,22,23,True,False
온산,Onsan,0.6,0.5660377358490566,0.33962264150943394,24,24,False,False
쌍룡,Ssangryong,0.3333333333333333,0.8679245283018868,0.2893081761006289,8,25,False,False
입석리,Ipseokri,0.6666666666666666,0.27358490566037735,0.18238993710691823,31,26,False,False
가야,Gaya,0.6,0.27358490566037735,0.1641509433962264,26,27,False,False
가천,Gacheon,0.6,0.27358490566037735,0.1641509433962264,27,28,False,False
신례원,Sillyewon,0.6,0.27358490566037735,0.1641509433962264,29,29,True,False
옥계,Okgye,0.6,0.27358490566037735,0.1641509433962264,48,46,False,False
대전조차장,DaejeonYard,0.6,0.27358490566037735,0.1641509433962264,34,33,False,False
제천,Jecheon,0.6,0.27358490566037735,0.1641509433962264,32,31,False,False
나주,Naju,0.6,0.27358490566037735,0.1641509433962264,33,32,False,False
광운대,Gwangwoondae,0.6,0.27358490566037735,0.1641509433962264,30,30,False,False
수색,Susaek,0.6,0.27358490566037735,0.1641509433962264,36,35,False,False
마산,Masan,0.6,0.27358490566037735,0.1641509433962264,40,38,False,False
무릉,Mureung,0.6,0.27358490566037735,0.1641509433962264,35,34,False,False
익산,Iksan,0.6,0.27358490566037735,0.1641509433962264,50,48,False,False
부강화물,BugangCargo,0.6,0.27358490566037735,0.1641509433962264,43,41,False,False
목포,Mokpo,0.6,0.27358490566037735,0.1641509433962264,41,39,True,False
문수,Munsu,0.6,0.27358490566037735,0.1641509433962264,42,40,False,False
석포,Seokpo,0.6,0.27358490566037735,0.1641509433962264,38,36,True,False
음성,Eumseong,0.6,0.27358490566037735,0.1641509433962264,39,37,False,False
신동,Shindong,0.6,0.27358490566037735,0.1641509433962264,46,44,False,False
삽교,Sapgyo,0.6,0.27358490566037735,0.1641509433962264,44,42,False,False
흑석리,Heukseokri,0.6,0.27358490566037735,0.1641509433962264,52,50,False,False
팔당,Paldang,0.6,0.27358490566037735,0.1641509433962264,47,45,False,False
석항,Seokhang,0.6,0.27358490566037735,0.1641509433962264,45,43,True,False
태화강,Taehwagang,0.6,0.27358490566037735,0.1641509433962264,49,47,False,False
경주,Gyeongju,0.6,0.27358490566037735,0.1641509433962264,53,51,False,False
인천,Incheon,0.6,0.27358490566037735,0.1641509433962264,51,49,False,False
간치,Ganchi,0.3333333333333333,0.27358490566037735,0.09119496855345911,28,52,False,False
도안,Doan,0.3333333333333333,0.27358490566037735,0.09119496855345911,37,53,False,False
