m,tau,value,connected_only,spearman_vs_main,top5_jaccard_vs_main,top5
3,0.25,eff_loss_dist,False,0.8598014141178697,0.25,BusanNewPort|Dongsan|Jeokryang|ShingwangyangPort|Uiwang
3,0.25,eff_loss_dist,True,0.8168642897903656,0.25,BusanNewPort|Dongsan|Jeokryang|Cheongju|ShingwangyangPort
3,0.25,betw_dist,False,0.8530354803398499,0.25,BusanNewPort|Dongsan|ShingwangyangPort|Suncheon|Deokso
3,0.25,betw_dist,True,0.8103406946627514,0.25,BusanNewPort|Dongsan|ShingwangyangPort|Cheongju|Suncheon
3,0.25,topo,False,0.6767743221400446,0.25,BusanNewPort|Dongsan|Uiwang|Jeokryang|Goedong
3,0.25,topo,True,0.6027209694713569,0.25,BusanNewPort|Dongsan|Uiwang|Jeokryang|Goedong
3,0.25,service_km,False,0.4730053667402152,0.1111111111111111,BusanNewPort|DaejeonYard|Uiwang|Sapgyo|Goedong
3,0.25,service_km,True,0.4515374685060972,0.1111111111111111,BusanNewPort|DaejeonYard|Uiwang|Sapgyo|Obong
3,0.5,eff_loss_dist,False,0.998311001266546,0.6666666666666666,JecheonYard|Donghae|Dodam|Cheoram|BusanNewPort
3,0.5,eff_loss_dist,True,0.9541553664851817,0.42857142857142855,JecheonYard|Donghae|Dodam|Cheoram|Hwangdeung
3,0.5,betw_dist,False,0.9702497581452941,0.42857142857142855,JecheonYard|Donghae|Obong|Hwangdeung|BusanNewPort
3,0.5,betw_dist,True,0.9276558539962629,0.25,JecheonYard|Donghae|Obong|Hwangdeung|Cheonan
3,0.5,topo,False,0.8866783756991153,0.6666666666666666,JecheonYard|Donghae|BusanNewPort|Dodam|Obong
3,0.5,topo,True,0.7935210721714299,0.6666666666666666,JecheonYard|Donghae|Hwangdeung|BusanNewPort|Dodam
3,0.5,service_km,False,0.6313982449540333,0.42857142857142855,JecheonYard|Obong|Donghae|Dodam|Ipseokri
3,0.5,service_km,True,0.6250488936347275,0.42857142857142855,JecheonYard|Obong|Donghae|Dodam|Ipseokri
3,0.75,eff_loss_dist,False,0.8877482905717872,0.25,JecheonYard|Donghae|Goedong|Yeongju|Cheoram
3,0.75,eff_loss_dist,True,0.8576804896436699,0.25,JecheonYard|Donghae|Goedong|Yeongju|Cheoram
3,0.75,betw_dist,False,0.8835574743205805,0.25,JecheonYard|Donghae|Goedong|Obong|Yeongju
3,0.75,betw_dist,True,0.8526196774464365,0.25,JecheonYard|Donghae|Goedong|Obong|Yeongju
3,0.75,topo,False,0.7311892128965978,0.42857142857142855,Donghae|JecheonYard|Goedong|Cheoram|Dodam
3,0.75,topo,True,0.6790962835649774,0.42857142857142855,Donghae|JecheonYard|Goedong|Cheoram|Dodam
3,0.75,service_km,False,0.6166115006063886,0.25,JecheonYard|Donghae|Obong|Goedong|Busanjin
3,0.75,service_km,True,0.6073218456559951,0.25,JecheonYard|Donghae|Obong|Goedong|Busanjin
4,0.25,eff_loss_dist,False,0.7367146102522486,0.25,BusanNewPort|Dongsan|Jeokryang|ShingwangyangPort|Uiwang
4,0.25,eff_loss_dist,True,0.6917389846882884,0.25,BusanNewPort|Dongsan|Cheongju|Jeokryang|Uiwang
4,0.25,betw_dist,False,0.7300341344167565,0.25,BusanNewPort|Dongsan|ShingwangyangPort|Suncheon|Deokso
4,0.25,betw_dist,True,0.5903557324185822,0.25,BusanNewPort|Dongsan|ShingwangyangPort|Cheongju|Deokso
4,0.25,topo,False,0.5187721801127381,0.25,BusanNewPort|Dongsan|Uiwang|Jeokryang|Goedong
4,0.25,topo,True,0.32208685204696863,0.25,BusanNewPort|Dongsan|Uiwang|Jeokryang|Mokpo
4,0.25,service_km,False,0.38476915740757156,0.1111111111111111,BusanNewPort|DaejeonYard|Uiwang|Sapgyo|ShingwangyangPort
4,0.25,service_km,True,0.3160527695108267,0.1111111111111111,BusanNewPort|DaejeonYard|Uiwang|Sapgyo|ShingwangyangPort
4,0.5,eff_loss_dist,False,1.0,1.0,JecheonYard|Donghae|Dodam|BusanNewPort|Dongsan
4,0.5,eff_loss_dist,True,0.9534204697277402,0.6666666666666666,JecheonYard|Donghae|Dodam|BusanNewPort|Cheoram
4,0.5,betw_dist,False,0.9693939601134127,0.42857142857142855,JecheonYard|Donghae|Obong|BusanNewPort|Hwangdeung
4,0.5,betw_dist,True,0.9280881462065225,0.42857142857142855,JecheonYard|Donghae|Obong|BusanNewPort|Hwangdeung
4,0.5,topo,False,0.8869682503928545,0.6666666666666666,JecheonYard|Donghae|BusanNewPort|Goedong|Dongsan
4,0.5,topo,True,0.7447443713778685,0.6666666666666666,JecheonYard|Donghae|BusanNewPort|Goedong|Dodam
4,0.5,service_km,False,0.6334862866630666,0.6666666666666666,JecheonYard|Obong|Donghae|Dodam|BusanNewPort
4,0.5,service_km,True,0.615878186446241,0.6666666666666666,JecheonYard|Obong|Donghae|Dodam|BusanNewPort
4,0.75,eff_loss_dist,False,0.8865534150062119,0.25,JecheonYard|Donghae|Goedong|Cheoram|Yeongju
4,0.75,eff_loss_dist,True,0.8524730362216777,0.25,JecheonYard|Donghae|Goedong|Cheoram|Yeongju
4,0.75,betw_dist,False,0.8779619345513759,0.25,JecheonYard|Donghae|Goedong|Obong|Yeongju
4,0.75,betw_dist,True,0.8454580369837872,0.25,JecheonYard|Donghae|Goedong|Obong|Yeongju
4,0.75,topo,False,0.7311892128965978,0.42857142857142855,Donghae|JecheonYard|Goedong|Cheoram|Dodam
4,0.75,topo,True,0.6503236139930101,0.42857142857142855,Donghae|JecheonYard|Goedong|Cheoram|Dodam
4,0.75,service_km,False,0.6163132089336696,0.25,JecheonYard|Donghae|Obong|Goedong|Busanjin
4,0.75,service_km,True,0.6035718931989557,0.25,Donghae|JecheonYard|Obong|Busanjin|Goedong
5,0.25,eff_loss_dist,False,0.5287357981371458,0.25,BusanNewPort|Dongsan|Jeokryang|ShingwangyangPort|Uiwang
5,0.25,eff_loss_dist,True,0.342179844850161,0.25,BusanNewPort|Dongsan|Cheongju|Uiwang|Jeokryang
5,0.25,betw_dist,False,0.5562374619000643,0.25,BusanNewPort|Dongsan|ShingwangyangPort|Suncheon|Deokso
5,0.25,betw_dist,True,0.3658452223625896,0.25,BusanNewPort|Dongsan|Cheongju|ShingwangyangPort|Deokso
5,0.25,topo,False,0.4344830974213098,0.25,BusanNewPort|Dongsan|Uiwang|Jeokryang|Goedong
5,0.25,topo,True,0.042140244054752626,0.25,BusanNewPort|Dongsan|Uiwang|Jeokryang|Mokpo
5,0.25,service_km,False,0.26386029106805514,0.1111111111111111,BusanNewPort|DaejeonYard|Uiwang|Sapgyo|ShingwangyangPort
5,0.25,service_km,True,0.18517894199634252,0.1111111111111111,BusanNewPort|DaejeonYard|Uiwang|Sapgyo|Gwangwoondae
5,0.5,eff_loss_dist,False,0.9897726538536391,0.6666666666666666,JecheonYard|BusanNewPort|Donghae|Dongsan|Goedong
5,0.5,eff_loss_dist,True,0.9437951265463141,0.42857142857142855,JecheonYard|Donghae|BusanNewPort|Goedong|Yeongju
5,0.5,betw_dist,False,0.9620233988113965,0.42857142857142855,JecheonYard|BusanNewPort|Donghae|Obong|Goedong
5,0.5,betw_dist,True,0.9212420391443387,0.42857142857142855,JecheonYard|Donghae|BusanNewPort|Goedong|Obong
5,0.5,topo,False,0.8625723598692411,0.6666666666666666,BusanNewPort|Donghae|JecheonYard|Goedong|Dongsan
5,0.5,topo,True,0.6723469216456758,0.42857142857142855,Donghae|BusanNewPort|JecheonYard|Goedong|Gwangyang
5,0.5,service_km,False,0.6264551258061174,0.42857142857142855,Obong|BusanNewPort|JecheonYard|Donghae|Busanjin
5,0.5,service_km,True,0.6060860658690163,0.42857142857142855,JecheonYard|BusanNewPort|Donghae|Obong|Busanjin
5,0.75,eff_loss_dist,False,0.8829687883094864,0.25,Donghae|JecheonYard|Goedong|Cheoram|Yeongju
5,0.75,eff_loss_dist,True,0.849376896534555,0.25,Donghae|JecheonYard|Cheoram|Goedong|Yeongju
5,0.75,betw_dist,False,0.8738903296527608,0.25,Donghae|JecheonYard|Goedong|Obong|Yeongju
5,0.75,betw_dist,True,0.8418439066250907,0.25,Donghae|JecheonYard|Obong|Goedong|Yeongju
5,0.75,topo,False,0.7311892128965978,0.42857142857142855,Donghae|JecheonYard|Goedong|Cheoram|Dodam
5,0.75,topo,True,0.6471004764262842,0.42857142857142855,Donghae|JecheonYard|Goedong|Cheoram|Dodam
5,0.75,service_km,False,0.607504544264149,0.25,Donghae|JecheonYard|Obong|Busanjin|Goedong
5,0.75,service_km,True,0.5912140953291662,0.42857142857142855,Donghae|JecheonYard|Obong|Busanjin|Dodam
