line,action,delta_coverage,delta_km_share
Jungang,remove,-0.23017399061097,-0.22388184760723195
Gyeongbu,remove,-0.19761052974814663,-0.3382123135644607
Chungbuk,remove,-0.18627455527069392,-0.1980154133917701
Jeolla,remove,-0.16603324222863347,-0.0899256031390967
Taebaek,add,0.08006469190105814,0.04160884014687771
Yeongdong,add,0.05951157974468613,0.017011261054303284
Gyeongjeon,add,0.05373059731044261,0.03614016673588627
Janghang,add,0.01967646498966036,0.041744579435832874
Honam,add,0.006906097529854716,0.005454708463568103
Daegu,add,1.825066585414703e-05,0.008005266460972216
