K,greedy_coverage,exact_coverage,marginal_gain
1,0.22571999999999998,0.22571999999999998,0.22571999999999998
2,0.40559999999999996,0.40559999999999996,0.17987999999999998
3,0.5567599999999999,0.5567599999999999,0.15116
4,0.6839599999999999,0.6839599999999999,0.1272
5,0.80708,0.80708,0.12312000000000002
6,0.8884799999999998,,0.08139999999999989
7,0.9517199999999999,,0.06323999999999999
8,1.0,,0.048280000000000135
9,1.0,,0.048280000000000135
10,1.0,,0.048280000000000135
11,1.0,,0.048280000000000135
12,1.0,,0.048280000000000135
13,1.0,,0.048280000000000135
14,1.0,,0.048280000000000135
15,1.0,,0.048280000000000135
