target,feature,population,n,spearman,pearson,shared_rank_variance
eff_loss_dist,close_dist,pool,8,0.17757120130114437,0.06115060863003392,0.031531531531531536
eff_loss_dist,close_dist,all53,53,0.4740168616870957,0.5151712992060354,0.22469198516368324
eff_loss_dist,eig_unw,pool,8,0.17757120130114437,0.05875082582269567,0.031531531531531536
eff_loss_dist,eig_unw,all53,53,0.43464889375292637,0.6761873007766686,0.18891966084064268
eff_loss_dist,service_km,pool,8,0.7356521196761695,0.7717333238467888,0.5411840411840412
eff_loss_dist,service_km,all53,53,0.5744785729095336,0.5899702120345062,0.33002563073217434
eff_loss_dist,betw_dist,pool,8,0.9729729729729729,0.9146780540457259,0.9466764061358655
eff_loss_dist,betw_dist,all53,53,0.9622360750220108,0.9605760127947847,0.9258982640737649
eff_loss_dist,deg,pool,8,0.9863939238321436,0.8678986407128345,0.9729729729729728
eff_loss_dist,deg,all53,53,0.7513484823228943,0.8373228209582201,0.5645245418889167
betw_dist,close_dist,pool,8,0.3044077736591046,0.19659612954185024,0.09266409266409266
betw_dist,close_dist,all53,53,0.4497715463450955,0.5213003355113554,0.20229444390165838
betw_dist,eig_unw,pool,8,0.3044077736591046,0.32409246472409076,0.09266409266409266
betw_dist,eig_unw,all53,53,0.43703329100973753,0.7124871506309349,0.19099809745080193
betw_dist,service_km,pool,8,0.6341828617898013,0.6472059640560763,0.40218790218790224
betw_dist,service_km,all53,53,0.5903060483490294,0.6850317347816003,0.34846123071744667
betw_dist,deg,pool,8,0.9315942613970245,0.87280076617449,0.8678678678678676
betw_dist,deg,all53,53,0.7425282052735867,0.8709564165474527,0.5513481356268136
overload_a05,close_dist,pool,8,-0.12598815766974242,-0.1638994483656237,0.015873015873015876
overload_a05,close_dist,all53,53,0.473344812065342,0.4936804177735751,0.22405531110917395
overload_a05,eig_unw,pool,8,-0.12598815766974242,-0.17105879470067006,0.015873015873015876
overload_a05,eig_unw,all53,53,0.5284862650497871,0.7868030175971944,0.27929773234627386
overload_a05,service_km,pool,8,0.7559289460184545,0.9024964510445181,0.5714285714285715
overload_a05,service_km,all53,53,0.6941857372054587,0.855578938008161,0.4818938377394862
overload_a05,betw_dist,pool,8,0.6711560552140242,0.7752586458181145,0.45045045045045035
overload_a05,betw_dist,all53,53,0.777568203717388,0.8267822083516148,0.6046123114322854
overload_a05,deg,pool,8,0.816496580927726,0.8703882797784891,0.6666666666666666
overload_a05,deg,all53,53,0.7954500338847945,0.8657444686371927,0.6327407564073207
