scope,tau,indicator,pool_n,gini,effect_vs_randompool,p_randompool,OCG,OCG_effect,top5
Original four (service share),0.5,betw_unw,15,0.5222518726013199,-0.20249532037675066,0.9872051179528188,0.29297272329334983,-0.04576100875472694,Dongsan|ShingwangyangPort|Hwangdeung|Gwangyang|Heungguksa
Original four (service share),0.5,service_km,15,0.3858229509717839,-0.18908423204344893,0.973610555777689,0.22942960549432306,-0.10930412655375371,Taegum|Gwangyang|Hwangdeung|ShingwangyangPort|Cheonan
Original four (service share),0.25,service_km,14,0.4000277123458502,-0.17101703885309338,0.958016793282687,0.22942960549432306,-0.10930412655375371,Taegum|Gwangyang|Hwangdeung|ShingwangyangPort|Sillyewon
Original four (service share),0.25,betw_unw,14,0.5515018311690083,-0.16776623933679846,0.9684126349460216,0.29297272329334983,-0.04576100875472694,Dongsan|ShingwangyangPort|Hwangdeung|Gwangyang|Heungguksa
Original four (service share),0.5,betw_dist,15,0.579263067694944,-0.15040379950598592,0.9716113554578168,0.35117818380410265,0.012444451756025876,Dongsan|ShingwangyangPort|Hwangdeung|Cheonan|Suncheon
Original four (service share),0.25,betw_dist,14,0.607773109243698,-0.1206584591489761,0.9388244702119153,0.35117818380410265,0.012444451756025876,Dongsan|ShingwangyangPort|Hwangdeung|Suncheon|Gwangyang
Original four (service share),0.75,betw_dist,21,0.6298667844262902,-0.11506557904741088,0.9776089564174331,0.35117818380410265,0.012444451756025876,Donghae|Goedong|Dongsan|ShingwangyangPort|Hwangdeung
Original four (service share),0.25,eff_loss_dist,14,0.6548037819176145,-0.10841010898352399,0.9276289484206317,0.3264293446255031,-0.01230438742257367,Dongsan|Hwangdeung|Jeokryang|Heungguksa|ShingwangyangPort
Reference top-4 (service share),0.75,betw_dist,18,0.6394568862923293,-0.10005287341673663,0.9304278288684527,0.21913979903463784,-0.005091536690640525,Donghae|Goedong|Yeongju|Hwangdeung|Cheonan
Original four (branch->trunk tags),0.5,topo,32,0.16093749999999996,-0.09499242432438082,0.9896041583366654,0.5632911392405063,-0.07821829472175779,Goedong|Gwangyang|Obong|Heungguksa|Hwangdeung
Original four (branch->trunk tags),0.25,topo,32,0.16093749999999996,-0.0942373407085983,0.9880047980807677,0.5632911392405063,-0.07821829472175779,Goedong|Gwangyang|Obong|Heungguksa|Hwangdeung
Original four (service share),0.25,eff_loss_hop,14,0.6851026864157344,-0.09191946261079464,0.8988404638144742,0.3051673893941402,-0.0335663426539366,Dongsan|Hwangdeung|Heungguksa|Jeokryang|Gwangyang
Original four (service share),0.5,eff_loss_dist,15,0.677635142071676,-0.08956952655164752,0.9044382247101159,0.3264293446255031,-0.01230438742257367,Dongsan|Hwangdeung|Jeokryang|Heungguksa|ShingwangyangPort
Original four (service share),0.75,service_km,21,0.5044646283903389,-0.08941605449932766,0.9032387045181928,0.22942960549432306,-0.10930412655375371,Donghae|Goedong|Taegum|Gwangyang|Hwangdeung
Original four (service share),0.75,betw_unw,21,0.6520970350589665,-0.08828895208488785,0.937624950019992,0.29297272329334983,-0.04576100875472694,Donghae|Goedong|Dongsan|ShingwangyangPort|Hwangdeung
Original four (service share),0.5,eff_loss_hop,15,0.7060958406546851,-0.07812317136356584,0.8864454218312675,0.3051673893941402,-0.0335663426539366,Dongsan|Hwangdeung|Heungguksa|Jeokryang|Gwangyang
Original four (service share),0.75,eff_loss_dist,21,0.7056723792088262,-0.07616288011621952,0.9188324670131948,0.3264293446255031,-0.01230438742257367,Donghae|Dongsan|Goedong|Cheoram|Hwangdeung
Reference top-4 (service share),0.75,service_km,18,0.5137077155528937,-0.07173917493278503,0.8268692522990804,0.16938383916311048,-0.05484749656216789,Donghae|Goedong|Taegum|Gwangyang|Hwangdeung
Reference top-4 (service share),0.5,service_km,8,0.4484168608504908,-0.07156612871274748,0.7321071571371451,0.16938383916311048,-0.05484749656216789,Gwangyang|Hwangdeung|Sillyewon|Gunsan|Suncheon
Reference top-4 (service share),0.5,topo,8,0.1499999999999999,-0.06276460110108331,0.824470211915234,0.22300495168411721,-0.0012263840411611548,Gwangyang|Hwangdeung|Sillyewon|Suncheon|Gunsan
Reference top-4 (service share),0.75,betw_unw,18,0.6726602005311022,-0.060470133809618964,0.8504598160735706,0.19988525154986653,-0.024346084175411842,Donghae|Goedong|Yeongju|Hwangdeung|Cheoram
Original four (service share),0.75,eff_loss_hop,21,0.7406967774299473,-0.05279937295182724,0.8428628548580568,0.3051673893941402,-0.0335663426539366,Donghae|Goedong|Dongsan|Cheoram|Hwangdeung
Reference top-4 (service share),0.75,eff_loss_dist,18,0.726685839847635,-0.0492834955935646,0.8076769292283087,0.21990768214155565,-0.00432365358372272,Donghae|Goedong|Yeongju|Cheoram|Hwangdeung
Reference top-4 (service share),0.75,eff_loss_hop,18,0.7402020380045482,-0.048825684945939085,0.7960815673730508,0.21682529340084986,-0.007406042324428513,Donghae|Goedong|Yeongju|Cheoram|Hwangdeung
Reference top-4 (service share),0.5,eig_unw,8,0.38797029990715926,-0.04516242023075051,0.6977209116353459,0.1844395316566905,-0.03979180406858787,Suncheon|Seokpo|Seokhang|Hwangdeung|Gunsan
Original four (branch->trunk tags),0.75,topo,37,0.21621621621621623,-0.038940619823428724,0.8432626949220312,0.5632911392405063,-0.07821829472175779,Donghae|JecheonYard|Goedong|Gwangyang|Obong
Reference top-4 (service share),0.5,betw_dist,8,0.656521739130435,-0.03733565746477374,0.6669332267093163,0.21913979903463784,-0.005091536690640525,Hwangdeung|Suncheon|Gwangyang|Gunsan|Sillyewon
Original four (service share),0.5,topo,15,0.20317460317460312,-0.03380300130581587,0.6537385045981607,0.34307113846534265,0.004337406417265877,Dongsan|Gwangyang|Heungguksa|Hwangdeung|Jeokryang
Original four (service share),0.25,topo,14,0.2071428571428573,-0.02934343198226355,0.632546981207517,0.34307113846534265,0.004337406417265877,Dongsan|Gwangyang|Heungguksa|Hwangdeung|Jeokryang
Original four (line-tag weights),0.5,topo,34,0.24754901960784315,-0.0072682987192833615,0.6297481007596961,0.6645569620253164,-0.01468832099355144,BusanNewPort|Goedong|Gwangyang|Obong|Heungguksa
Original four (line-tag weights),0.25,topo,34,0.24754901960784315,-0.006739648981223867,0.616953218712515,0.6645569620253164,-0.01468832099355144,BusanNewPort|Goedong|Gwangyang|Obong|Heungguksa
Original four (branch->trunk tags),0.5,close_dist,32,0.11721139866589914,-0.006122713039747929,0.7381047580967613,0.6120942250477152,-0.029415208914548963,Obong|Goedong|Gwangwoondae|Ipseokri|Ssangryong
Original four (branch->trunk tags),0.25,close_dist,32,0.11721139866589914,-0.005970531937417256,0.7077169132347061,0.6120942250477152,-0.029415208914548963,Obong|Goedong|Gwangwoondae|Ipseokri|Ssangryong
Reference top-4 (service share),0.5,eff_loss_dist,8,0.7265850441196531,-0.0024709311535340284,0.549780087964814,0.21990768214155565,-0.00432365358372272,Hwangdeung|Gwangyang|Suncheon|Gunsan|Sillyewon
Original four (branch->trunk tags),0.25,eff_loss_dist,32,0.792831620560148,-0.0018882251448985032,0.5393842463014794,0.4102055392346934,-0.23130389472757074,Goedong|Ssangryong|Obong|Hwangdeung|Jeokryang
Original four (line-tag weights),0.5,close_dist,34,0.12251240781932182,-0.0010505947048276704,0.5661735305877649,0.6433093151208393,-0.035935967898028554,Obong|Goedong|Gwangwoondae|Ipseokri|Ssangryong
Original four (line-tag weights),0.25,close_dist,34,0.12251240781932182,-0.0008124665810015641,0.5529788084766094,0.6433093151208393,-0.035935967898028554,Obong|Goedong|Gwangwoondae|Ipseokri|Ssangryong
Original four (branch->trunk tags),0.5,eff_loss_dist,32,0.792831620560148,6.753913248291887e-05,0.5173930427828869,0.4102055392346934,-0.23130389472757074,Goedong|Ssangryong|Obong|Hwangdeung|Jeokryang
Original four (service share),0.5,close_dist,15,0.12109342404762513,0.0024686247142953893,0.445421831267493,0.3048861097520838,-0.033847622295992974,Dongsan|ShingwangyangPort|Suncheon|Hwangdeung|Jeokryang
Original four (service share),0.25,close_dist,14,0.12266331699168176,0.004000347665502793,0.42423030787684923,0.3048861097520838,-0.033847622295992974,Dongsan|ShingwangyangPort|Suncheon|Hwangdeung|Jeokryang
Original four (branch->trunk tags),0.75,close_dist,37,0.13182182945528176,0.00797610789186634,0.17912834866053579,0.6120942250477152,-0.029415208914548963,JecheonYard|Yeongju|Obong|Donghae|Goedong
Reference top-4 (service share),0.75,topo,18,0.25,0.00828765583585983,0.412235105957617,0.22300495168411721,-0.0012263840411611548,Donghae|Goedong|Gwangyang|Heungguksa|Yeongju
Original four (branch->trunk tags),0.75,service_km,37,0.6239714004432109,0.00852476695717419,0.5037984806077569,0.5735144158755757,-0.0679950180866884,Obong|JecheonYard|Donghae|Goedong|Susaek
Original four (service share),0.75,topo,21,0.25685425685425667,0.010070956923769386,0.4342263094762095,0.34307113846534265,0.004337406417265877,Donghae|Goedong|Dongsan|Gwangyang|Heungguksa
Original four (branch->trunk tags),0.5,service_km,32,0.6215799607555941,0.010173487974479145,0.485405837664934,0.5735144158755757,-0.0679950180866884,Obong|Goedong|Susaek|Ipseokri|Taegum
Original four (service share),0.75,close_dist,21,0.1325776352563688,0.011223403107191901,0.24870051979208316,0.3048861097520838,-0.033847622295992974,Donghae|Cheoram|Goedong|Dongsan|Okgye
Original four (branch->trunk tags),0.25,service_km,32,0.6215799607555941,0.011342536825513894,0.47341063574570175,0.5735144158755757,-0.0679950180866884,Obong|Goedong|Susaek|Ipseokri|Taegum
Reference top-4 (service share),0.5,eff_loss_hop,8,0.7642467904823615,0.01182846859715947,0.4578168732506997,0.21682529340084986,-0.007406042324428513,Hwangdeung|Gwangyang|Sillyewon|Suncheon|Gunsan
Original four (line-tag weights),0.75,betw_unw,39,0.7709189506422378,0.011831253542849529,0.2974810075969612,0.6621600593589154,-0.017085223659952464,JecheonYard|Obong|BusanNewPort|Donghae|Goedong
Original four (line-tag weights),0.75,close_dist,39,0.13591653164379025,0.012048492407968986,0.04558176729308277,0.6433093151208393,-0.035935967898028554,JecheonYard|Yeongju|Obong|Donghae|Goedong
Original four (branch->trunk tags),0.75,betw_unw,37,0.7692781524395527,0.012273040648763778,0.32906837265093963,0.5303256364915181,-0.11118379747074603,JecheonYard|Obong|Donghae|Goedong|Yeongju
Reference top-4 (service share),0.5,betw_unw,8,0.6912349495052708,0.013556147264572771,0.5033986405437825,0.19988525154986653,-0.024346084175411842,Hwangdeung|Gwangyang|Suncheon|Gunsan|Sillyewon
Original four (branch->trunk tags),0.25,betw_unw,32,0.7708999513318546,0.01600602803796436,0.3246701319472211,0.5303256364915181,-0.11118379747074603,Obong|Goedong|ShingwangyangPort|Hwangdeung|Ssangryong
Original four (branch->trunk tags),0.5,betw_unw,32,0.7708999513318546,0.017165323472132732,0.305077968812475,0.5303256364915181,-0.11118379747074603,Obong|Goedong|ShingwangyangPort|Hwangdeung|Ssangryong
Original four (branch->trunk tags),0.75,eff_loss_hop,37,0.8230147917683375,0.01775602100442142,0.24790083966413434,0.4386699064526217,-0.2028395275096424,JecheonYard|Donghae|Goedong|Obong|Yeongju
Original four (line-tag weights),0.75,eff_loss_hop,39,0.8248481781008232,0.018560528011246413,0.21591363454618154,0.6224115269823998,-0.05683375603646812,BusanNewPort|JecheonYard|Donghae|Goedong|Obong
Original four (line-tag weights),0.75,topo,39,0.27640156453715803,0.019969301931619,0.4094362255097961,0.6645569620253164,-0.01468832099355144,BusanNewPort|Donghae|JecheonYard|Goedong|Gwangyang
Reference top-4 (service share),0.75,close_dist,18,0.1402508915453604,0.020037158584855122,0.13474610155937625,0.21406544288054255,-0.010165892844735819,Yeongju|Donghae|Cheoram|Goedong|Seokpo
Original four (line-tag weights),0.75,service_km,39,0.6385224765637687,0.021776895124239748,0.25869652139144345,0.6891320310368164,0.009886748017948532,Obong|BusanNewPort|JecheonYard|Donghae|Goedong
Reference top-4 (service share),0.75,eig_unw,18,0.4939188898116702,0.026624055640190714,0.327469012395042,0.1844395316566905,-0.03979180406858787,Donghae|Goedong|Yeongju|Cheoram|Okgye
Original four (line-tag weights),0.25,eff_loss_dist,34,0.8226211308833935,0.027185552828775217,0.2107157137145142,0.5442959381985087,-0.13494934482035914,BusanNewPort|Goedong|Ssangryong|Obong|Hwangdeung
Original four (line-tag weights),0.5,eff_loss_dist,34,0.8226211308833935,0.02831415193078457,0.18672530987604957,0.5442959381985087,-0.13494934482035914,BusanNewPort|Goedong|Ssangryong|Obong|Hwangdeung
Original four (branch->trunk tags),0.5,eff_loss_hop,32,0.8322027763519075,0.029450860416251334,0.18072770891643342,0.4386699064526217,-0.2028395275096424,Goedong|Obong|Ssangryong|Hwangdeung|Heungguksa
Reference top-4 (service share),0.5,close_dist,8,0.14307759101688067,0.030305927889144144,0.16273490603758498,0.21406544288054255,-0.010165892844735819,Seokpo|Suncheon|Hwangdeung|Gunsan|Seokhang
Original four (branch->trunk tags),0.25,eff_loss_hop,32,0.8322027763519075,0.030766565374065413,0.17313074770091963,0.4386699064526217,-0.2028395275096424,Goedong|Obong|Ssangryong|Hwangdeung|Heungguksa
Original four (line-tag weights),0.75,eff_loss_dist,39,0.8288637175610682,0.03190204089514337,0.10875649740103958,0.5442959381985087,-0.13494934482035914,JecheonYard|BusanNewPort|Donghae|Goedong|Yeongju
Original four (line-tag weights),0.25,betw_unw,34,0.787449317257096,0.03197009093583425,0.13314674130347862,0.6621600593589154,-0.017085223659952464,Obong|BusanNewPort|Goedong|ShingwangyangPort|Hwangdeung
Original four (line-tag weights),0.5,betw_unw,34,0.787449317257096,0.0326370502123563,0.1291483406637345,0.6621600593589154,-0.017085223659952464,Obong|BusanNewPort|Goedong|ShingwangyangPort|Hwangdeung
Original four (branch->trunk tags),0.25,eig_unw,32,0.5117071067110064,0.032751420927510266,0.1563374650139944,0.554046408912287,-0.08746302504997716,Obong|Goedong|Ipseokri|Susaek|Gwangwoondae
Original four (branch->trunk tags),0.5,eig_unw,32,0.5117071067110064,0.03300683280852279,0.15153938424630148,0.554046408912287,-0.08746302504997716,Obong|Goedong|Ipseokri|Susaek|Gwangwoondae
Original four (line-tag weights),0.25,service_km,34,0.646795356505746,0.033233199794683865,0.20511795281887246,0.6891320310368164,0.009886748017948532,Obong|BusanNewPort|Goedong|Susaek|Ipseokri
Original four (line-tag weights),0.25,eig_unw,34,0.5130676169545711,0.03367020442396529,0.12195121951219512,0.5875882433154657,-0.09165703970340222,Obong|Goedong|Ipseokri|Susaek|BusanNewPort
Original four (line-tag weights),0.75,betw_dist,39,0.7944294452325389,0.033739656145227226,0.11795281887245102,0.580269558975995,-0.09897572404287291,JecheonYard|BusanNewPort|Donghae|Obong|Goedong
Original four (line-tag weights),0.5,service_km,34,0.646795356505746,0.033810620140004466,0.20471811275489804,0.6891320310368164,0.009886748017948532,Obong|BusanNewPort|Goedong|Susaek|Ipseokri
Original four (line-tag weights),0.5,eig_unw,34,0.5130676169545711,0.034016715154214006,0.11395441823270691,0.5875882433154657,-0.09165703970340222,Obong|Goedong|Ipseokri|Susaek|BusanNewPort
Original four (branch->trunk tags),0.75,eff_loss_dist,37,0.8336246529263511,0.036708232676879726,0.10795681727309077,0.4102055392346934,-0.23130389472757074,JecheonYard|Donghae|Goedong|Yeongju|Ssangryong
Original four (branch->trunk tags),0.75,betw_dist,37,0.7970682546953736,0.03828281450859283,0.10035985605757697,0.46287582741845446,-0.17863360654380966,JecheonYard|Donghae|Obong|Goedong|ShingwangyangPort
Original four (branch->trunk tags),0.25,betw_dist,32,0.7982618343195265,0.040737963848301195,0.13514594162335067,0.46287582741845446,-0.17863360654380966,Obong|Goedong|ShingwangyangPort|Hwangdeung|Suncheon
Original four (service share),0.5,eig_unw,15,0.5037242096995938,0.04166841983701808,0.2499000399840064,0.21492903174619377,-0.12380470030188301,Taegum|Dongsan|ShingwangyangPort|Suncheon|Seokhang
Original four (branch->trunk tags),0.5,betw_dist,32,0.7982618343195265,0.04191323885639009,0.13194722111155538,0.46287582741845446,-0.17863360654380966,Obong|Goedong|ShingwangyangPort|Hwangdeung|Suncheon
Original four (line-tag weights),0.25,eff_loss_hop,34,0.8524048603964804,0.04855893924633792,0.06557377049180328,0.6224115269823998,-0.05683375603646812,BusanNewPort|Goedong|Obong|Ssangryong|Hwangdeung
Original four (line-tag weights),0.5,eff_loss_hop,34,0.8524048603964804,0.04881102376654034,0.055177928828468614,0.6224115269823998,-0.05683375603646812,BusanNewPort|Goedong|Obong|Ssangryong|Hwangdeung
Original four (line-tag weights),0.5,betw_dist,34,0.8096960926193921,0.05056375214143416,0.08196721311475409,0.580269558975995,-0.09897572404287291,BusanNewPort|Obong|Goedong|ShingwangyangPort|Hwangdeung
Original four (line-tag weights),0.25,betw_dist,34,0.8096960926193921,0.0514395850627819,0.06517393042782887,0.580269558975995,-0.09897572404287291,BusanNewPort|Obong|Goedong|ShingwangyangPort|Hwangdeung
Original four (service share),0.25,eig_unw,14,0.5117841323847936,0.053429129495171646,0.20631747301079567,0.21492903174619377,-0.12380470030188301,Taegum|Dongsan|ShingwangyangPort|Suncheon|Seokhang
Original four (line-tag weights),0.75,eig_unw,39,0.5374922555926818,0.05579462710974881,0.003198720511795282,0.5875882433154657,-0.09165703970340222,JecheonYard|Obong|Donghae|Goedong|Ipseokri
Original four (branch->trunk tags),0.75,eig_unw,37,0.5381725352180127,0.05666157502567021,0.009196321471411436,0.554046408912287,-0.08746302504997716,JecheonYard|Obong|Donghae|Goedong|Ipseokri
Original four (service share),0.75,eig_unw,21,0.5387534863894468,0.06842293413651229,0.07556977209116353,0.21492903174619377,-0.12380470030188301,Donghae|Goedong|Cheoram|Okgye|Taegum
