panel,scope,indicator,effect,null_lo,null_hi,inside_band,MDE,MDE_exceeds_OCG_ceiling
a,manuscript line-tag weights,eff_loss_dist,-0.134949344820359,-0.28564689945999916,0.21633623794527868,True,0.3343337307848961,True
a,manuscript line-tag weights,betw_dist,-0.0989757240428728,-0.2503713696286454,0.19826687903552243,True,0.30131686485566195,False
a,manuscript line-tag weights,service_km,0.0098867480179485,-0.2025258226830891,0.16582549552415812,True,0.24358012556382358,False
a,branch->trunk tag weights,eff_loss_dist,-0.2313038947275708,-0.2719095844833804,0.2299736905051926,True,0.33949372344164147,False
a,branch->trunk tag weights,betw_dist,-0.1786336065438097,-0.2517667644245552,0.21092962284715738,True,0.3066957923756419,False
a,branch->trunk tag weights,service_km,-0.0679950180866884,-0.20740211087417484,0.16797201064916986,True,0.24982280019172817,False
a,"original four, service share",eff_loss_dist,-0.0123043874225736,-0.20733775589293174,0.2654604718264107,True,0.3128019224440877,False
a,"original four, service share",betw_dist,0.0124444517560259,-0.18777536813009738,0.23103045254498009,True,0.2841440677183796,False
a,"original four, service share",service_km,-0.1093041265537537,-0.14906742340288903,0.19833454071687553,True,0.2256966780792121,False
a,"top-4 by train-km, service share",eff_loss_dist,-0.0043236535837228,-0.14648428451210133,0.2185350001341756,True,0.2370326217932146,False
a,"top-4 by train-km, service share",betw_dist,-0.0050915366906405,-0.1366589221043279,0.19476193423831956,True,0.2145211310015034,False
a,"top-4 by train-km, service share",service_km,-0.0548474965621678,-0.10843331090089534,0.16362077931655925,True,0.1704227485300438,False
