scope,tau,indicator,pool_n,gini,effect_vs_randompool,p_randompool,OCG,OCG_effect,top5,ord
Original four (line-tag weights),0.25,eff_loss_dist,34,0.8226211308833935,0.0271855528287752,0.2107157137145142,0.5442959381985087,-0.1349493448203591,BusanNewPort|Goedong|Ssangryong|Obong|Hwangdeung,0
Original four (line-tag weights),0.5,eff_loss_dist,34,0.8226211308833935,0.0283141519307845,0.1867253098760495,0.5442959381985087,-0.1349493448203591,BusanNewPort|Goedong|Ssangryong|Obong|Hwangdeung,0
Original four (line-tag weights),0.75,eff_loss_dist,39,0.8288637175610682,0.0319020408951433,0.1087564974010395,0.5442959381985087,-0.1349493448203591,JecheonYard|BusanNewPort|Donghae|Goedong|Yeongju,0
Original four (line-tag weights),0.25,eff_loss_hop,34,0.8524048603964804,0.0485589392463379,0.0655737704918032,0.6224115269823998,-0.0568337560364681,BusanNewPort|Goedong|Obong|Ssangryong|Hwangdeung,1
Original four (line-tag weights),0.5,eff_loss_hop,34,0.8524048603964804,0.0488110237665403,0.0551779288284686,0.6224115269823998,-0.0568337560364681,BusanNewPort|Goedong|Obong|Ssangryong|Hwangdeung,1
Original four (line-tag weights),0.75,eff_loss_hop,39,0.8248481781008232,0.0185605280112464,0.2159136345461815,0.6224115269823998,-0.0568337560364681,BusanNewPort|JecheonYard|Donghae|Goedong|Obong,1
Original four (line-tag weights),0.25,topo,34,0.2475490196078431,-0.0067396489812238,0.616953218712515,0.6645569620253164,-0.0146883209935514,BusanNewPort|Goedong|Gwangyang|Obong|Heungguksa,2
Original four (line-tag weights),0.5,topo,34,0.2475490196078431,-0.0072682987192833,0.6297481007596961,0.6645569620253164,-0.0146883209935514,BusanNewPort|Goedong|Gwangyang|Obong|Heungguksa,2
Original four (line-tag weights),0.75,topo,39,0.276401564537158,0.019969301931619,0.4094362255097961,0.6645569620253164,-0.0146883209935514,BusanNewPort|Donghae|JecheonYard|Goedong|Gwangyang,2
Original four (line-tag weights),0.25,betw_dist,34,0.8096960926193921,0.0514395850627819,0.0651739304278288,0.580269558975995,-0.0989757240428729,BusanNewPort|Obong|Goedong|ShingwangyangPort|Hwangdeung,3
Original four (line-tag weights),0.5,betw_dist,34,0.8096960926193921,0.0505637521414341,0.081967213114754,0.580269558975995,-0.0989757240428729,BusanNewPort|Obong|Goedong|ShingwangyangPort|Hwangdeung,3
Original four (line-tag weights),0.75,betw_dist,39,0.7944294452325389,0.0337396561452272,0.117952818872451,0.580269558975995,-0.0989757240428729,JecheonYard|BusanNewPort|Donghae|Obong|Goedong,3
Original four (line-tag weights),0.25,betw_unw,34,0.787449317257096,0.0319700909358342,0.1331467413034786,0.6621600593589154,-0.0170852236599524,Obong|BusanNewPort|Goedong|ShingwangyangPort|Hwangdeung,4
Original four (line-tag weights),0.5,betw_unw,34,0.787449317257096,0.0326370502123563,0.1291483406637345,0.6621600593589154,-0.0170852236599524,Obong|BusanNewPort|Goedong|ShingwangyangPort|Hwangdeung,4
Original four (line-tag weights),0.75,betw_unw,39,0.7709189506422378,0.0118312535428495,0.2974810075969612,0.6621600593589154,-0.0170852236599524,JecheonYard|Obong|BusanNewPort|Donghae|Goedong,4
Original four (line-tag weights),0.25,close_dist,34,0.1225124078193218,-0.0008124665810015,0.5529788084766094,0.6433093151208393,-0.0359359678980285,Obong|Goedong|Gwangwoondae|Ipseokri|Ssangryong,5
Original four (line-tag weights),0.5,close_dist,34,0.1225124078193218,-0.0010505947048276,0.5661735305877649,0.6433093151208393,-0.0359359678980285,Obong|Goedong|Gwangwoondae|Ipseokri|Ssangryong,5
Original four (line-tag weights),0.75,close_dist,39,0.1359165316437902,0.0120484924079689,0.0455817672930827,0.6433093151208393,-0.0359359678980285,JecheonYard|Yeongju|Obong|Donghae|Goedong,5
Original four (line-tag weights),0.25,eig_unw,34,0.5130676169545711,0.0336702044239652,0.1219512195121951,0.5875882433154657,-0.0916570397034022,Obong|Goedong|Ipseokri|Susaek|BusanNewPort,6
Original four (line-tag weights),0.5,eig_unw,34,0.5130676169545711,0.034016715154214,0.1139544182327069,0.5875882433154657,-0.0916570397034022,Obong|Goedong|Ipseokri|Susaek|BusanNewPort,6
Original four (line-tag weights),0.75,eig_unw,39,0.5374922555926818,0.0557946271097488,0.0031987205117952,0.5875882433154657,-0.0916570397034022,JecheonYard|Obong|Donghae|Goedong|Ipseokri,6
Original four (line-tag weights),0.25,service_km,34,0.646795356505746,0.0332331997946838,0.2051179528188724,0.6891320310368164,0.0098867480179485,Obong|BusanNewPort|Goedong|Susaek|Ipseokri,7
Original four (line-tag weights),0.5,service_km,34,0.646795356505746,0.0338106201400044,0.204718112754898,0.6891320310368164,0.0098867480179485,Obong|BusanNewPort|Goedong|Susaek|Ipseokri,7
Original four (line-tag weights),0.75,service_km,39,0.6385224765637687,0.0217768951242397,0.2586965213914434,0.6891320310368164,0.0098867480179485,Obong|BusanNewPort|JecheonYard|Donghae|Goedong,7
