topology,n,indicator,n_networks,dirichlet_size_mean,dirichlet_size_min,dirichlet_size_max
BA,53,degree,30,0.0,0.0,0.0
BA,53,betweenness,30,0.9972666666666667,0.964,1.0
BA,53,closeness,30,0.0,0.0,0.0
WS,53,degree,30,0.0,0.0,0.0
WS,53,betweenness,30,0.0003333333333333,0.0,0.01
WS,53,closeness,30,0.0,0.0,0.0
ER,53,degree,30,0.0,0.0,0.0
ER,53,betweenness,30,0.0,0.0,0.0
ER,53,closeness,30,0.0,0.0,0.0
BA,100,degree,30,0.0,0.0,0.0
BA,100,betweenness,30,1.0,1.0,1.0
BA,100,closeness,30,0.0,0.0,0.0
WS,100,degree,30,0.0,0.0,0.0
WS,100,betweenness,30,0.0144,0.0,0.426
WS,100,closeness,30,0.0,0.0,0.0
ER,100,degree,30,0.0,0.0,0.0
ER,100,betweenness,30,0.0,0.0,0.0
ER,100,closeness,30,0.0,0.0,0.0
