station,value,Gi_star_z,p_hot,p_hot_bh
Gaya,0.0,1.1047900377168256,0.1337579617834395,0.6824385805277525
Ganchi,0.0,-0.6033074160155988,0.5559599636032757,0.7380735733783961
Gwangyang,0.0154311924910763,0.3929030685851657,0.2365787079162875,0.6824385805277525
Sillyewon,0.0,-0.6008731770852349,0.5950864422202001,0.7380735733783961
Gwangwoondae,0.0,-0.0319399590361158,0.3139217470427661,0.6824385805277525
Ipseokri,0.0,-0.6008731770852349,0.5677888989990901,0.7380735733783961
Goedong,0.0618531671281059,-0.0700132148645431,0.9044585987261148,0.9431163316513634
Suncheon,0.0044084171972716,0.3929030685851657,0.2356687898089172,0.6824385805277525
Obong,0.0315791942375769,-0.0319399590361158,0.5277525022747953,0.7380735733783961
Gunsan,0.0022444086609674,-0.6033074160155988,0.6342129208371247,0.7435599761538704
Taegum,0.001709695681803,0.3929030685851657,0.2174704276615104,0.6824385805277525
Naju,0.0,-0.0981612989939994,0.3375796178343949,0.6824385805277525
Heungguksa,0.0206300921993454,0.3929030685851657,0.2629663330300273,0.6824385805277525
Mureung,0.0,-0.0717268520084129,0.3666969972702457,0.6926498837326863
Susaek,0.0,-0.0319399590361158,0.3212010919017288,0.6824385805277525
Doan,0.0,-0.6008731770852349,0.5814376706096451,0.7380735733783961
ShingwangyangPort,0.0199161954283541,0.3929030685851657,0.2493175614194722,0.6824385805277525
BusanNewPort,0.1270617696973466,1.1047900377168256,0.9153776160145588,0.9431163316513634
Masan,0.0,1.1047900377168256,0.1392174704276615,0.6824385805277525
Mokpo,0.0,-0.0981612989939994,0.3366696997270245,0.6824385805277525
Hwangdeung,0.0301028597937123,-0.6033074160155988,0.8553230209281165,0.9431163316513634
Munsu,0.0,-1.1860783188627952,1.0,1.0
BugangCargo,0.0,-0.6008731770852349,0.607825295723385,0.7380735733783961
Sapgyo,0.0,-1.1456428779679149,0.899909008189263,0.9431163316513634
Seokhang,0.0,-0.6008731770852349,0.5896269335759782,0.7380735733783961
Shindong,0.0,-0.0717268520084129,0.3412192902638762,0.6824385805277525
Ssangryong,0.032482383265283,-0.0319399590361158,0.535031847133758,0.7380735733783961
Taehwagang,0.0,2.219141504571208,0.0200181983621474,0.4331210191082802
Onsan,9.511710426146625e-05,2.219141504571208,0.0254777070063694,0.4331210191082802
Iksan,0.0,-0.6033074160155988,0.5659690627843494,0.7380735733783961
Jeokryang,0.0255473119158734,0.3929030685851657,0.3020928116469518,0.6824385805277525
Incheon,0.0,-0.0319399590361158,0.3057324840764331,0.6824385805277525
Heukseokri,0.0,-0.6033074160155988,0.5905368516833485,0.7380735733783961
Gyeongju,0.0,-0.0700132148645431,0.3157415832575068,0.6824385805277525
