structural_or_service,exogenous,n_stations_with_data,spearman,ci_lo,ci_hi
service_km,via_count_special_terms,28,-0.3523145482065501,-0.628723952988196,-0.0093503568876183
service_km,completion_ratio,33,-0.2840864166437755,-0.6075247144596283,0.0848451818661507
eff_loss_dist,completion_ratio,33,-0.2744308444506515,-0.583198481968688,0.0523898659169841
close_dist,arr_events,41,-0.2480059958155373,-0.4936296863693588,0.0347269496572514
eff_loss_dist,via_count_special_terms,28,-0.2405810553069134,-0.5829986988230933,0.1445503260446989
betw_dist,via_count_special_terms,28,-0.2328130939594431,-0.5549513210204297,0.1450962445714437
betw_dist,completion_ratio,33,-0.1514894730267735,-0.474522575911972,0.1987791475535034
close_dist,wagon_flow,41,-0.1129018211445034,-0.3881943236117461,0.2069793069256414
close_dist,via_count_special_terms,28,-0.0206273154687675,-0.4055456653208824,0.3425909977224216
close_dist,req_wagons_dep,33,0.0008356313223793,-0.3338529496107766,0.336359825620389
close_dist,completion_ratio,33,0.0104097859526678,-0.3379679386272018,0.3516907532865532
close_dist,loaded_wagons,33,0.0267379679144385,-0.3578636982809134,0.3527228143240812
close_dist,dep_events,33,0.1246866138091383,-0.2359116474926653,0.4495034093869341
eff_loss_dist,arr_events,41,0.1375030668625852,-0.1421714397684743,0.4121770455061713
betw_dist,arr_events,41,0.1501231489531224,-0.139189405825662,0.4092905083727215
betw_dist,req_wagons_dep,33,0.175290881992228,-0.1875797682795766,0.515603724877981
service_km,arr_events,41,0.1983176240704209,-0.1032441631016483,0.4771310599481212
betw_dist,loaded_wagons,33,0.2065016269632444,-0.1581429974192991,0.5280593777816424
betw_dist,dep_events,33,0.2231004468997075,-0.1316092038967915,0.5578253184144584
eff_loss_dist,req_wagons_dep,33,0.247988320208941,-0.0897138050974469,0.5468910906832732
eff_loss_dist,loaded_wagons,33,0.253485653434728,-0.084053932060616,0.5397604476452157
eff_loss_dist,dep_events,33,0.2554251731101719,-0.0975948934108347,0.5640018912518399
service_km,loaded_wagons,33,0.2570187165775401,-0.0793251107293481,0.5334265553453671
service_km,req_wagons_dep,33,0.2598813412599857,-0.0709591494625906,0.5557110209471626
service_km,dep_events,33,0.2859769386426752,-0.0364630311207376,0.5563392125122062
betw_dist,wagon_flow,41,0.3087724306958415,0.0263232081914784,0.56058336844179
eff_loss_dist,wagon_flow,41,0.3682710200726957,0.1188066913254833,0.5869436819820787
service_km,wagon_flow,41,0.5365449972445964,0.2987642286832873,0.7028894635127837
